box_art_url,id,name
https://static-cdn.jtvnw.net/ttv-boxart/Super%20Mario%20Bros.%203-52x72.jpg,9455,Super Mario Bros. 3
https://static-cdn.jtvnw.net/ttv-boxart/Super%20Mario%20Bros.%2035-52x72.jpg,519462,Super Mario Bros. 35
https://static-cdn.jtvnw.net/ttv-boxart/A%20Hat%20in%20Time-52x72.jpg,369075,A Hat in Time
https://static-cdn.jtvnw.net/ttv-boxart/Dig%20Dog-52x72.jpg,502883,Dig Dog
https://static-cdn.jtvnw.net/ttv-boxart/Clustertruck-52x72.jpg,491398,Clustertruck
https://static-cdn.jtvnw.net/ttv-boxart/Ty%20the%20Tasmanian%20Tiger-52x72.jpg,12086,Ty the Tasmanian Tiger
https://static-cdn.jtvnw.net/ttv-boxart/Ninja%20Gaiden-52x72.jpg,1520,Ninja Gaiden
https://static-cdn.jtvnw.net/ttv-boxart/Spyro%20Reignited%20Trilogy-52x72.jpg,505380,Spyro Reignited Trilogy
https://static-cdn.jtvnw.net/ttv-boxart/Assassin%27s%20Creed%20II-52x72.jpg,20810,Assassin's Creed II
https://static-cdn.jtvnw.net/ttv-boxart/Spelunky-52x72.jpg,1360153950,Spelunky
https://static-cdn.jtvnw.net/ttv-boxart/Super%20Mario%20Odyssey-52x72.jpg,493997,Super Mario Odyssey
https://static-cdn.jtvnw.net/ttv-boxart/Terraria-52x72.jpg,31376,Terraria
https://static-cdn.jtvnw.net/ttv-boxart/Astro%E2%80%99s%20Playroom-52x72.jpg,518022,Astro’s Playroom
https://static-cdn.jtvnw.net/ttv-boxart/Seasons%20after%20Fall-52x72.jpg,493032,Seasons after Fall
https://static-cdn.jtvnw.net/ttv-boxart/X-Men-52x72.jpg,1125391001,X-Men
https://static-cdn.jtvnw.net/ttv-boxart/Misc.-52x72.jpg,849013961,Misc.
https://static-cdn.jtvnw.net/ttv-boxart/Super%20Mario%203D%20World-52x72.jpg,369590,Super Mario 3D World
https://static-cdn.jtvnw.net/ttv-boxart/Mega%20Man%2010-52x72.jpg,26529,Mega Man 10
https://static-cdn.jtvnw.net/ttv-boxart/Super%20Mario%20Maker%202-52x72.jpg,511399,Super Mario Maker 2
https://static-cdn.jtvnw.net/ttv-boxart/./Jak%20and%20Daxter:%20The%20Precursor%20Legacy-52x72.jpg,13420,Jak and Daxter: The Precursor Legacy
https://static-cdn.jtvnw.net/ttv-boxart/Super%20Mario%20Bros.-52x72.jpg,509508,Super Mario Bros.
https://static-cdn.jtvnw.net/ttv-boxart/Sonic%20Adventure-52x72.jpg,7195,Sonic Adventure
https://static-cdn.jtvnw.net/ttv-boxart/Hue-52x72.jpg,492502,Hue
https://static-cdn.jtvnw.net/ttv-boxart/La-Mulana%202-52x72.jpg,458149,La-Mulana 2
https://static-cdn.jtvnw.net/ttv-boxart/TowerClimb-52x72.jpg,84513,TowerClimb
https://static-cdn.jtvnw.net/ttv-boxart/./Donkey%20Kong%20Country:%20Tropical%20Freeze-52x72.jpg,369591,Donkey Kong Country: Tropical Freeze
https://static-cdn.jtvnw.net/ttv-boxart/Robox-52x72.jpg,27812,Robox
https://static-cdn.jtvnw.net/ttv-boxart/Sly%20Cooper%20and%20the%20Thievius%20Raccoonus-52x72.jpg,14081,Sly Cooper and the Thievius Raccoonus
https://static-cdn.jtvnw.net/ttv-boxart/Dead%20Cells-52x72.jpg,495961,Dead Cells
https://static-cdn.jtvnw.net/ttv-boxart/./Battle%20Kid:%20Fortress%20of%20Peril-52x72.jpg,26690,Battle Kid: Fortress of Peril
https://static-cdn.jtvnw.net/ttv-boxart/Unbox-52x72.jpg,493166,Unbox
https://static-cdn.jtvnw.net/ttv-boxart/Iji-52x72.jpg,21507,Iji
https://static-cdn.jtvnw.net/ttv-boxart/Ultimate%20Chicken%20Horse-52x72.jpg,490438,Ultimate Chicken Horse
https://static-cdn.jtvnw.net/ttv-boxart/Mega%20Man%203-52x72.jpg,4133,Mega Man 3
https://static-cdn.jtvnw.net/ttv-boxart/Super%20Mario%20Maker-52x72.jpg,490608,Super Mario Maker
https://static-cdn.jtvnw.net/ttv-boxart/Sonic%20Mania-52x72.jpg,493877,Sonic Mania
https://static-cdn.jtvnw.net/ttv-boxart/Ghouls%20%27n%20Ghosts-52x72.jpg,11370,Ghouls 'n Ghosts
https://static-cdn.jtvnw.net/ttv-boxart/Kirby%20Star%20Allies-52x72.jpg,497452,Kirby Star Allies
https://static-cdn.jtvnw.net/ttv-boxart/Hollow%20Knight-52x72.jpg,490147,Hollow Knight
https://static-cdn.jtvnw.net/ttv-boxart/Spelunky%202-52x72.jpg,499859,Spelunky 2
https://static-cdn.jtvnw.net/ttv-boxart/Mega%20Man-52x72.jpg,4815,Mega Man
https://static-cdn.jtvnw.net/ttv-boxart/GRIS-52x72.jpg,509196,GRIS
https://static-cdn.jtvnw.net/ttv-boxart/Awesomenauts-52x72.jpg,31742,Awesomenauts
https://static-cdn.jtvnw.net/ttv-boxart/./Assassin%27s%20Creed%20IV:%20Black%20Flag-52x72.jpg,118198,Assassin's Creed IV: Black Flag
https://static-cdn.jtvnw.net/ttv-boxart/Sonic%20the%20Hedgehog%203-52x72.jpg,4240,Sonic the Hedgehog 3
https://static-cdn.jtvnw.net/ttv-boxart/Tonic%20Trouble-52x72.jpg,10118,Tonic Trouble
https://static-cdn.jtvnw.net/ttv-boxart/Cyber%20Hook-52x72.jpg,513977,Cyber Hook
https://static-cdn.jtvnw.net/ttv-boxart/Bloody%20Trapland-52x72.jpg,33862,Bloody Trapland
https://static-cdn.jtvnw.net/ttv-boxart/./Crash%20Bandicoot%204:%20It%27s%20About%20Time-52x72.jpg,518222,Crash Bandicoot 4: It's About Time
https://static-cdn.jtvnw.net/ttv-boxart/./Sly%202:%20Band%20of%20Thieves-52x72.jpg,14286,Sly 2: Band of Thieves
https://static-cdn.jtvnw.net/ttv-boxart/ScourgeBringer-52x72.jpg,513244,ScourgeBringer
https://static-cdn.jtvnw.net/ttv-boxart/1%20Screen%20Platformer-52x72.jpg,511828,1 Screen Platformer
https://static-cdn.jtvnw.net/ttv-boxart/I%20am%20Bread-52x72.jpg,488487,I am Bread
https://static-cdn.jtvnw.net/ttv-boxart/Super%20Mario%203D%20Land-52x72.jpg,30826,Super Mario 3D Land
https://static-cdn.jtvnw.net/ttv-boxart/Celeste-52x72.jpg,492535,Celeste
https://static-cdn.jtvnw.net/ttv-boxart/Super%20Mario%20Bros.%202-52x72.jpg,6780,Super Mario Bros. 2
https://static-cdn.jtvnw.net/ttv-boxart/TModLoader-52x72.jpg,285842853,TModLoader
https://static-cdn.jtvnw.net/ttv-boxart/The%20Last%20Guardian-52x72.jpg,23961,The Last Guardian
https://static-cdn.jtvnw.net/ttv-boxart/./Toy%20Story%202:%20Buzz%20Lightyear%20to%20the%20Rescue-52x72.jpg,6676,Toy Story 2: Buzz Lightyear to the Rescue
https://static-cdn.jtvnw.net/ttv-boxart/./Rayman:%20Raving%20Rabbids-52x72.jpg,23146,Rayman: Raving Rabbids
https://static-cdn.jtvnw.net/ttv-boxart/Risk%20of%20Rain-52x72.jpg,263489,Risk of Rain
https://static-cdn.jtvnw.net/ttv-boxart/./ASTRO%20BOT:%20Rescue%20Mission-52x72.jpg,509786,ASTRO BOT: Rescue Mission
https://static-cdn.jtvnw.net/ttv-boxart/SpeedRunners-52x72.jpg,370345,SpeedRunners
https://static-cdn.jtvnw.net/ttv-boxart/Super%20Mario%20Galaxy-52x72.jpg,14766,Super Mario Galaxy
https://static-cdn.jtvnw.net/ttv-boxart/Super%20Mario%20World-52x72.jpg,1229,Super Mario World
https://static-cdn.jtvnw.net/ttv-boxart/Tomb%20Raider-52x72.jpg,2770,Tomb Raider
https://static-cdn.jtvnw.net/ttv-boxart/./Skul:%20The%20Hero%20Slayer-52x72.jpg,515386,Skul: The Hero Slayer
https://static-cdn.jtvnw.net/ttv-boxart/Fall%20Guy-52x72.jpg,920969985,Fall Guy
https://static-cdn.jtvnw.net/ttv-boxart/I%20Wanna%20Be%20The%20Boshy-52x72.jpg,65627,I Wanna Be The Boshy
https://static-cdn.jtvnw.net/ttv-boxart/Ori%20and%20the%20Will%20of%20the%20Wisps-52x72.jpg,497412,Ori and the Will of the Wisps
https://static-cdn.jtvnw.net/ttv-boxart/Subway%20Surfers-52x72.jpg,368954,Subway Surfers
https://static-cdn.jtvnw.net/ttv-boxart/Disney%20Universe-52x72.jpg,31817,Disney Universe
https://static-cdn.jtvnw.net/ttv-boxart/New%20Super%20Mario%20Bros.%20Wii-52x72.jpg,24238,New Super Mario Bros. Wii
https://static-cdn.jtvnw.net/ttv-boxart/Donkey%20Kong%20Country-52x72.jpg,14432,Donkey Kong Country
https://static-cdn.jtvnw.net/ttv-boxart/Super%20Mario%20Land-52x72.jpg,18146,Super Mario Land
https://static-cdn.jtvnw.net/ttv-boxart/./Super%20Mario%20World%202:%20Yoshi%27s%20Island-52x72.jpg,2635,Super Mario World 2: Yoshi's Island
https://static-cdn.jtvnw.net/ttv-boxart/Sonic%20Forces-52x72.jpg,496236,Sonic Forces
https://static-cdn.jtvnw.net/ttv-boxart/Core-52x72.jpg,28342,Core
https://static-cdn.jtvnw.net/ttv-boxart/./Alice:%20Madness%20Returns-52x72.jpg,22959,Alice: Madness Returns
https://static-cdn.jtvnw.net/ttv-boxart/Youropa-52x72.jpg,508450,Youropa
https://static-cdn.jtvnw.net/ttv-boxart/Sheepo-52x72.jpg,519341,Sheepo
https://static-cdn.jtvnw.net/ttv-boxart/Guacamelee%21-52x72.jpg,33790,Guacamelee!
https://static-cdn.jtvnw.net/ttv-boxart/La-Mulana-52x72.jpg,20422,La-Mulana
https://static-cdn.jtvnw.net/ttv-boxart/./Sackboy:%20A%20Big%20Adventure-52x72.jpg,518020,Sackboy: A Big Adventure
https://static-cdn.jtvnw.net/ttv-boxart/Assassin%27s%20Creed-52x72.jpg,2711,Assassin's Creed
https://static-cdn.jtvnw.net/ttv-boxart/Super%20Meat%20Boy-52x72.jpg,22720,Super Meat Boy
https://static-cdn.jtvnw.net/ttv-boxart/MediEvil-52x72.jpg,332934265,MediEvil
https://static-cdn.jtvnw.net/ttv-boxart/Megabyte%20Punch-52x72.jpg,76445,Megabyte Punch
https://static-cdn.jtvnw.net/ttv-boxart/LittleBigPlanet%203-52x72.jpg,460634,LittleBigPlanet 3
https://static-cdn.jtvnw.net/ttv-boxart/./Builder:%20Don%27t%20Let%20me%20Fall:%20Futuristic%20Platformer-52x72.jpg,517935,Builder: Don't Let me Fall: Futuristic Platformer
https://static-cdn.jtvnw.net/ttv-boxart/Kirby%27s%20Adventure-52x72.jpg,14573,Kirby's Adventure
https://static-cdn.jtvnw.net/ttv-boxart/./Jumpa%C3%AF%20:%20The%20Social%20Platformer.-52x72.jpg,511930,Jumpaï : The Social Platformer.
https://static-cdn.jtvnw.net/ttv-boxart/Super%20Mario%20Sunshine-52x72.jpg,6086,Super Mario Sunshine
https://static-cdn.jtvnw.net/ttv-boxart/Conker%27s%20Bad%20Fur%20Day-52x72.jpg,9664,Conker's Bad Fur Day
https://static-cdn.jtvnw.net/ttv-boxart/Evoland%202-52x72.jpg,489656,Evoland 2
https://static-cdn.jtvnw.net/ttv-boxart/Choice%20Chamber-52x72.jpg,417492,Choice Chamber
https://static-cdn.jtvnw.net/ttv-boxart/Super%20Mario%20Galaxy%202-52x72.jpg,24239,Super Mario Galaxy 2
https://static-cdn.jtvnw.net/ttv-boxart/Rosenkreuzstilette-52x72.jpg,24185,Rosenkreuzstilette
https://static-cdn.jtvnw.net/ttv-boxart/./Stagehand:%20A%20Reverse%20Platformer-52x72.jpg,510314,Stagehand: A Reverse Platformer
https://static-cdn.jtvnw.net/ttv-boxart/Inmost-52x72.jpg,509254,Inmost
https://static-cdn.jtvnw.net/ttv-boxart/./Spyro:%20Year%20of%20the%20Dragon-52x72.jpg,1598,Spyro: Year of the Dragon
https://static-cdn.jtvnw.net/ttv-boxart/Switchblade-52x72.jpg,1544,Switchblade
https://static-cdn.jtvnw.net/ttv-boxart/RetroQuest-52x72.jpg,951511783,RetroQuest
https://static-cdn.jtvnw.net/ttv-boxart/Game%20&%20Watch%20Gallery%202-52x72.jpg,9128,Game & Watch Gallery 2
https://static-cdn.jtvnw.net/ttv-boxart/Super%20Princess%20Peach-52x72.jpg,9061,Super Princess Peach
https://static-cdn.jtvnw.net/ttv-boxart/Pitfall%21-52x72.jpg,9185,Pitfall!
https://static-cdn.jtvnw.net/ttv-boxart/Super%20Bernie%20World-52x72.jpg,516665,Super Bernie World
https://static-cdn.jtvnw.net/ttv-boxart/Super%20Robin%20Hood-52x72.jpg,9663,Super Robin Hood
https://static-cdn.jtvnw.net/ttv-boxart/Super%20Mario%2063-52x72.jpg,215028170,Super Mario 63
https://static-cdn.jtvnw.net/ttv-boxart/Monuments%20of%20Mars-52x72.jpg,9641,Monuments of Mars
https://static-cdn.jtvnw.net/ttv-boxart/Shovel%20Knight-52x72.jpg,138583,Shovel Knight
https://static-cdn.jtvnw.net/ttv-boxart/NaissanceE-52x72.jpg,417883,NaissanceE
https://static-cdn.jtvnw.net/ttv-boxart/./Raving%20Rabbids:%20Travel%20in%20Time-52x72.jpg,920793251,Raving Rabbids: Travel in Time
https://static-cdn.jtvnw.net/ttv-boxart/Jak%20II-52x72.jpg,9531,Jak II
https://static-cdn.jtvnw.net/ttv-boxart/./Klonoa:%20Door%20to%20Phantomile-52x72.jpg,8753,Klonoa: Door to Phantomile
https://static-cdn.jtvnw.net/ttv-boxart/./Oozi:%20Earth%20Adventure-52x72.jpg,94082,Oozi: Earth Adventure
https://static-cdn.jtvnw.net/ttv-boxart/Momodora%20III-52x72.jpg,461466,Momodora III
https://static-cdn.jtvnw.net/ttv-boxart/New%20Super%20Mario%20Bros.%20U-52x72.jpg,31905,New Super Mario Bros. U
https://static-cdn.jtvnw.net/ttv-boxart/New%20Super%20Mario%20Bros.-52x72.jpg,7534,New Super Mario Bros.
https://static-cdn.jtvnw.net/ttv-boxart/Goat%20Runner-52x72.jpg,956370957,Goat Runner
https://static-cdn.jtvnw.net/ttv-boxart/Mithos-52x72.jpg,910124655,Mithos
https://static-cdn.jtvnw.net/ttv-boxart/Ninja%20Feet%20of%20Fury-52x72.jpg,99265,Ninja Feet of Fury
https://static-cdn.jtvnw.net/ttv-boxart/Sonic%20Robo%20Blast%202-52x72.jpg,1360659443,Sonic Robo Blast 2
https://static-cdn.jtvnw.net/ttv-boxart/./Beethoven:%20The%20Ultimate%20Canine%20Caper%21-52x72.jpg,8986,Beethoven: The Ultimate Canine Caper!
https://static-cdn.jtvnw.net/ttv-boxart/./Tazmanian%20Devil:%20Munching%20Madness-52x72.jpg,99262,Tazmanian Devil: Munching Madness
https://static-cdn.jtvnw.net/ttv-boxart/Monster%20Tale-52x72.jpg,28159,Monster Tale
https://static-cdn.jtvnw.net/ttv-boxart/./LEGO%20Batman%203:%20Beyond%20Gotham-52x72.jpg,460504,LEGO Batman 3: Beyond Gotham
https://static-cdn.jtvnw.net/ttv-boxart/Pac-Man%20World%202-52x72.jpg,18453,Pac-Man World 2
https://static-cdn.jtvnw.net/ttv-boxart/Ghosts%27n%20Goblins%20Arcade-52x72.jpg,981780194,Ghosts'n Goblins Arcade
https://static-cdn.jtvnw.net/ttv-boxart/Gravity%20Guy%202-52x72.jpg,94889,Gravity Guy 2
https://static-cdn.jtvnw.net/ttv-boxart/The%20Emperor%27s%20New%20Groove-52x72.jpg,1181818301,The Emperor's New Groove
https://static-cdn.jtvnw.net/ttv-boxart/./MANOS:%20The%20Hands%20of%20Fate-52x72.jpg,94897,MANOS: The Hands of Fate
https://static-cdn.jtvnw.net/ttv-boxart/Super%20Mario%20Run-52x72.jpg,493175,Super Mario Run
https://static-cdn.jtvnw.net/ttv-boxart/Alley%20Cat-52x72.jpg,9137,Alley Cat
https://static-cdn.jtvnw.net/ttv-boxart/Monty%20on%20the%20Run-52x72.jpg,99,Monty on the Run
https://static-cdn.jtvnw.net/ttv-boxart/./Manos:%20Hands%20of%20Fate-52x72.jpg,96275599,Manos: Hands of Fate
https://static-cdn.jtvnw.net/ttv-boxart/Ultraman%20Ball-52x72.jpg,89997,Ultraman Ball
https://static-cdn.jtvnw.net/ttv-boxart/./Momodora:%20Reverie%20Under%20the%20Moonlight-52x72.jpg,491744,Momodora: Reverie Under the Moonlight
https://static-cdn.jtvnw.net/ttv-boxart/Gex-52x72.jpg,1643,Gex
https://static-cdn.jtvnw.net/ttv-boxart/Nothing-52x72.jpg,1709696975,Nothing
https://static-cdn.jtvnw.net/ttv-boxart/./More%20Adventures%20of%20Big%20Mac:%20The%20Mad%20Maintenance%20Man-52x72.jpg,94894,More Adventures of Big Mac: The Mad Maintenance Man
https://static-cdn.jtvnw.net/ttv-boxart/Stumblehill-52x72.jpg,911588859,Stumblehill
https://static-cdn.jtvnw.net/ttv-boxart/Monster%20Party-52x72.jpg,6868,Monster Party
https://static-cdn.jtvnw.net/ttv-boxart/Vagante-52x72.jpg,418004,Vagante
https://static-cdn.jtvnw.net/ttv-boxart/Star%20Knight-52x72.jpg,906920305,Star Knight
https://static-cdn.jtvnw.net/ttv-boxart/Johnny%20Impossible-52x72.jpg,96873,Johnny Impossible
https://static-cdn.jtvnw.net/ttv-boxart/Bang%20Bang%20Busters-52x72.jpg,98838,Bang Bang Busters
https://static-cdn.jtvnw.net/ttv-boxart/Wario%20Land%20II-52x72.jpg,12594,Wario Land II
https://static-cdn.jtvnw.net/ttv-boxart/Shantae%20and%20the%20Seven%20Sirens-52x72.jpg,511830,Shantae and the Seven Sirens
https://static-cdn.jtvnw.net/ttv-boxart/CONV/RGENCE:%20A%20League%20of%20Legends%20Story-52x72.jpg,515472,CONV/RGENCE: A League of Legends Story
https://static-cdn.jtvnw.net/ttv-boxart/./Franklin:%20A%20Birthday%20Surprise-52x72.jpg,969132888,Franklin: A Birthday Surprise
https://static-cdn.jtvnw.net/ttv-boxart/./Cuadradito%20y%20Circulito:%20El%20Videojuego-52x72.jpg,467054002,Cuadradito y Circulito: El Videojuego
https://static-cdn.jtvnw.net/ttv-boxart/0000-52x72.jpg,496784,0000
https://static-cdn.jtvnw.net/ttv-boxart/./Wonder%20Boy%20III:%20Monster%20Lair-52x72.jpg,9291,Wonder Boy III: Monster Lair
https://static-cdn.jtvnw.net/ttv-boxart/Monkey%20Ball-52x72.jpg,1349685921,Monkey Ball
https://static-cdn.jtvnw.net/ttv-boxart/V.O.I.D.-52x72.jpg,975487634,V.O.I.D.
https://static-cdn.jtvnw.net/ttv-boxart/Kirby%27s%20Epic%20Yarn-52x72.jpg,28568,Kirby's Epic Yarn
https://static-cdn.jtvnw.net/ttv-boxart/Yoshi%27s%20Woolly%20World-52x72.jpg,110755,Yoshi's Woolly World
https://static-cdn.jtvnw.net/ttv-boxart/./Sonic%20the%20Hedgehog%204:%20Episode%20I-52x72.jpg,25319,Sonic the Hedgehog 4: Episode I
https://static-cdn.jtvnw.net/ttv-boxart/Memories%20of%20Fireflies-52x72.jpg,984123525,Memories of Fireflies
https://static-cdn.jtvnw.net/ttv-boxart/Wuppo-52x72.jpg,493624,Wuppo
https://static-cdn.jtvnw.net/ttv-boxart/Axiom%20Verge-52x72.jpg,34072,Axiom Verge
https://static-cdn.jtvnw.net/ttv-boxart/./Joe%20&%20Mac:%20Caveman%20Ninja-52x72.jpg,8953,Joe & Mac: Caveman Ninja
https://static-cdn.jtvnw.net/ttv-boxart/Spooky%20Castle-52x72.jpg,916041410,Spooky Castle
https://static-cdn.jtvnw.net/ttv-boxart/Yooka-Laylee%20and%20the%20Impossible%20Lair-52x72.jpg,512940,Yooka-Laylee and the Impossible Lair
https://static-cdn.jtvnw.net/ttv-boxart/Life%20of%20Pixel-52x72.jpg,95622,Life of Pixel
https://static-cdn.jtvnw.net/ttv-boxart/./Spongebob%20Squarepants:%20Revenge%20of%20the%20Flying%20Dutchman-52x72.jpg,9672,Spongebob Squarepants: Revenge of the Flying Dutchman
https://static-cdn.jtvnw.net/ttv-boxart/Face%20Wound-52x72.jpg,95620,Face Wound
https://static-cdn.jtvnw.net/ttv-boxart/Refunct-52x72.jpg,491208,Refunct
https://static-cdn.jtvnw.net/ttv-boxart/Everybody%20Edits-52x72.jpg,492419,Everybody Edits
https://static-cdn.jtvnw.net/ttv-boxart/./Toy%20Story%203:%20The%20Video%20Game-52x72.jpg,459480,Toy Story 3: The Video Game
https://static-cdn.jtvnw.net/ttv-boxart/Capcom%20Arcade%20Cabinet-52x72.jpg,94886,Capcom Arcade Cabinet
https://static-cdn.jtvnw.net/ttv-boxart/8%20Eyes-52x72.jpg,9918,8 Eyes
https://static-cdn.jtvnw.net/ttv-boxart/Super%20Mario%20Flashback-52x72.jpg,953444827,Super Mario Flashback
https://static-cdn.jtvnw.net/ttv-boxart/Emurinoo-52x72.jpg,946318706,Emurinoo
https://static-cdn.jtvnw.net/ttv-boxart/Flashback-52x72.jpg,978,Flashback
https://static-cdn.jtvnw.net/ttv-boxart/The%20Goonies%20II-52x72.jpg,9538,The Goonies II
https://static-cdn.jtvnw.net/ttv-boxart/Sonic%20Colors-52x72.jpg,28296,Sonic Colors
https://static-cdn.jtvnw.net/ttv-boxart/./Rad%20Rodgers:%20World%20One-52x72.jpg,904469029,Rad Rodgers: World One
https://static-cdn.jtvnw.net/ttv-boxart/Mega%20Man%2011-52x72.jpg,500560,Mega Man 11
https://static-cdn.jtvnw.net/ttv-boxart/Strider-52x72.jpg,11537,Strider
https://static-cdn.jtvnw.net/ttv-boxart/./Kirby%2064:%20The%20Crystal%20Shards-52x72.jpg,15681,Kirby 64: The Crystal Shards
https://static-cdn.jtvnw.net/ttv-boxart/./Rayman%203:%20Hoodlum%20Havoc-52x72.jpg,5338,Rayman 3: Hoodlum Havoc
https://static-cdn.jtvnw.net/ttv-boxart/./Parasol%20Stars:%20The%20Story%20of%20Bubble%20Bobble%20III-52x72.jpg,9627,Parasol Stars: The Story of Bubble Bobble III
https://static-cdn.jtvnw.net/ttv-boxart/Paper%20Monsters-52x72.jpg,94071,Paper Monsters
https://static-cdn.jtvnw.net/ttv-boxart/Sonic%20Lost%20World-52x72.jpg,369329,Sonic Lost World
https://static-cdn.jtvnw.net/ttv-boxart/Yoshi%27s%20Island%20DS-52x72.jpg,9498,Yoshi's Island DS
https://static-cdn.jtvnw.net/ttv-boxart/I%20Am%20Alive-52x72.jpg,19267,I Am Alive
https://static-cdn.jtvnw.net/ttv-boxart/Do%20Not%20Fall-52x72.jpg,98005,Do Not Fall
https://static-cdn.jtvnw.net/ttv-boxart/./Lode%20Runner:%20Lost%20Labyrinth-52x72.jpg,97275,Lode Runner: Lost Labyrinth
https://static-cdn.jtvnw.net/ttv-boxart/Marvel%20Land-52x72.jpg,967,Marvel Land
https://static-cdn.jtvnw.net/ttv-boxart/./Spyro:%20Enter%20the%20Dragonfly-52x72.jpg,7705,Spyro: Enter the Dragonfly
https://static-cdn.jtvnw.net/ttv-boxart/./Spyro:%20Season%20of%20Ice-52x72.jpg,9709,Spyro: Season of Ice
https://static-cdn.jtvnw.net/ttv-boxart/Doritos%20Crash%20Course-52x72.jpg,29794,Doritos Crash Course
https://static-cdn.jtvnw.net/ttv-boxart/Tombi%202-52x72.jpg,988432577,Tombi 2
https://static-cdn.jtvnw.net/ttv-boxart/Toodee%20and%20Topdee-52x72.jpg,948959419,Toodee and Topdee
https://static-cdn.jtvnw.net/ttv-boxart/./Tobari%202:%20Dream%20Ocean-52x72.jpg,931216812,Tobari 2: Dream Ocean
https://static-cdn.jtvnw.net/ttv-boxart/Pizza%20Tower-52x72.jpg,1774510513,Pizza Tower
https://static-cdn.jtvnw.net/ttv-boxart/./Prince%20of%20Persia:%20The%20Sands%20of%20Time-52x72.jpg,4796,Prince of Persia: The Sands of Time
https://static-cdn.jtvnw.net/ttv-boxart/Chuckie%20Egg-52x72.jpg,9265,Chuckie Egg
https://static-cdn.jtvnw.net/ttv-boxart/Zero%20the%20Kamikaze%20Squirrel-52x72.jpg,8934,Zero the Kamikaze Squirrel
https://static-cdn.jtvnw.net/ttv-boxart/./Skunny:%20Save%20Our%20Pizzas%21-52x72.jpg,8917,Skunny: Save Our Pizzas!
https://static-cdn.jtvnw.net/ttv-boxart/./The%20Ren%20&%20Stimpy%20Show:%20Fire%20Dogs-52x72.jpg,81660,The Ren & Stimpy Show: Fire Dogs
https://static-cdn.jtvnw.net/ttv-boxart/Pink%20Goes%20to%20Hollywood-52x72.jpg,7602,Pink Goes to Hollywood
https://static-cdn.jtvnw.net/ttv-boxart/Zzed-52x72.jpg,84501,Zzed
https://static-cdn.jtvnw.net/ttv-boxart/./Castlevania:%20The%20Adventure-52x72.jpg,7925,Castlevania: The Adventure
https://static-cdn.jtvnw.net/ttv-boxart/Guide-52x72.jpg,854918935,Guide
https://static-cdn.jtvnw.net/ttv-boxart/Adventures%20of%20Batman%20&%20Robin-52x72.jpg,823801858,Adventures of Batman & Robin
https://static-cdn.jtvnw.net/ttv-boxart/Pharaoh%27s%20Tomb-52x72.jpg,7475,Pharaoh's Tomb
https://static-cdn.jtvnw.net/ttv-boxart/./An%20American%20Tail:%20Fievel%27s%20Gold%20Rush-52x72.jpg,8646,An American Tail: Fievel's Gold Rush
https://static-cdn.jtvnw.net/ttv-boxart/Boris%20the%20Bold-52x72.jpg,7525,Boris the Bold
https://static-cdn.jtvnw.net/ttv-boxart/New%20Super%20Marisa%20Land-52x72.jpg,76448,New Super Marisa Land
https://static-cdn.jtvnw.net/ttv-boxart/Professor%20Fizzwizzle-52x72.jpg,8389,Professor Fizzwizzle
https://static-cdn.jtvnw.net/ttv-boxart/Hot%20Guns-52x72.jpg,864719606,Hot Guns
https://static-cdn.jtvnw.net/ttv-boxart/Adventure%20Apes%20and%20the%20Mayan%20Mystery-52x72.jpg,84848,Adventure Apes and the Mayan Mystery
https://static-cdn.jtvnw.net/ttv-boxart/AccidentHouse-52x72.jpg,743513774,AccidentHouse
https://static-cdn.jtvnw.net/ttv-boxart/Eternal%20Dungeon-52x72.jpg,869580285,Eternal Dungeon
https://static-cdn.jtvnw.net/ttv-boxart/Baal-52x72.jpg,8596,Baal
https://static-cdn.jtvnw.net/ttv-boxart/Sonic%20Triple%20Trouble%2016-Bit-52x72.jpg,822430650,Sonic Triple Trouble 16-Bit
https://static-cdn.jtvnw.net/ttv-boxart/Super%20Frog-52x72.jpg,78881,Super Frog
https://static-cdn.jtvnw.net/ttv-boxart/Luigi%20&%20Spaghetti-52x72.jpg,7645,Luigi & Spaghetti
https://static-cdn.jtvnw.net/ttv-boxart/Crappy%20Climber-52x72.jpg,832476937,Crappy Climber
https://static-cdn.jtvnw.net/ttv-boxart/The%20Wizard%20and%20The%20Slug-52x72.jpg,82741647,The Wizard and The Slug
https://static-cdn.jtvnw.net/ttv-boxart/The%20Mission-52x72.jpg,7831,The Mission
https://static-cdn.jtvnw.net/ttv-boxart/Eye%20of%20Horus-52x72.jpg,8313,Eye of Horus
https://static-cdn.jtvnw.net/ttv-boxart/Mickey%27s%20Ultimate%20Challenge-52x72.jpg,7829,Mickey's Ultimate Challenge
https://static-cdn.jtvnw.net/ttv-boxart/Iron%20Chef%20II-52x72.jpg,74307,Iron Chef II
https://static-cdn.jtvnw.net/ttv-boxart/./Prince%20of%20Persia%202:%20The%20Shadow%20and%20the%20Flame-52x72.jpg,7959,Prince of Persia 2: The Shadow and the Flame
https://static-cdn.jtvnw.net/ttv-boxart/./Rugrats%20in%20Paris:%20The%20Movie-52x72.jpg,7369,Rugrats in Paris: The Movie
https://static-cdn.jtvnw.net/ttv-boxart/Snow%20White%20in%20Happily%20Ever%20After-52x72.jpg,82041,Snow White in Happily Ever After
https://static-cdn.jtvnw.net/ttv-boxart/Tama%20and%20Friends-52x72.jpg,85248,Tama and Friends
https://static-cdn.jtvnw.net/ttv-boxart/./Kappa%20no%20Kai-Kata:%20Katan%20Daibouken-52x72.jpg,845709296,Kappa no Kai-Kata: Katan Daibouken
https://static-cdn.jtvnw.net/ttv-boxart/The%20Goonies-52x72.jpg,8123,The Goonies
https://static-cdn.jtvnw.net/ttv-boxart/Zool-52x72.jpg,8140,Zool
https://static-cdn.jtvnw.net/ttv-boxart/Jottobots-52x72.jpg,86864,Jottobots
https://static-cdn.jtvnw.net/ttv-boxart/./Stanley:%20The%20Search%20for%20Dr.%20Livingston-52x72.jpg,8790,Stanley: The Search for Dr. Livingston
https://static-cdn.jtvnw.net/ttv-boxart/./Lawyer%20Guy:%20Defender%20of%20Justice-52x72.jpg,869536344,Lawyer Guy: Defender of Justice
https://static-cdn.jtvnw.net/ttv-boxart/Klym-52x72.jpg,89303733,Klym
https://static-cdn.jtvnw.net/ttv-boxart/./Superman:%20Shadow%20of%20Apokolips-52x72.jpg,7711,Superman: Shadow of Apokolips
https://static-cdn.jtvnw.net/ttv-boxart/VectroMirror-52x72.jpg,82975196,VectroMirror
https://static-cdn.jtvnw.net/ttv-boxart/Bio%20Menace-52x72.jpg,7773,Bio Menace
https://static-cdn.jtvnw.net/ttv-boxart/Polara-52x72.jpg,89283,Polara
https://static-cdn.jtvnw.net/ttv-boxart/./TMNT:%20Ninja%20Adventures-52x72.jpg,73583,TMNT: Ninja Adventures
https://static-cdn.jtvnw.net/ttv-boxart/Elevator-52x72.jpg,8004,Elevator
https://static-cdn.jtvnw.net/ttv-boxart/Get-A-Grip%20Chip-52x72.jpg,891499470,Get-A-Grip Chip
https://static-cdn.jtvnw.net/ttv-boxart/./Montaro%20:%20RE-52x72.jpg,792362843,Montaro : RE
https://static-cdn.jtvnw.net/ttv-boxart/E.X.I.T.-52x72.jpg,7944,E.X.I.T.
https://static-cdn.jtvnw.net/ttv-boxart/Pandemonium-52x72.jpg,835261622,Pandemonium
https://static-cdn.jtvnw.net/ttv-boxart/Big%20Top-52x72.jpg,8304,Big Top
https://static-cdn.jtvnw.net/ttv-boxart/./Ghost%20Sweeper%20Mikami:%20Joreishi%20wa%20Nice%20Body-52x72.jpg,770470212,Ghost Sweeper Mikami: Joreishi wa Nice Body
https://static-cdn.jtvnw.net/ttv-boxart/Fly%27n-52x72.jpg,82055,Fly'n
https://static-cdn.jtvnw.net/ttv-boxart/Paper%20Mario%203D%20Land-52x72.jpg,75109506,Paper Mario 3D Land
https://static-cdn.jtvnw.net/ttv-boxart/Pac-Land-52x72.jpg,7851,Pac-Land
https://static-cdn.jtvnw.net/ttv-boxart/RogueCube-52x72.jpg,888904168,RogueCube
https://static-cdn.jtvnw.net/ttv-boxart/Super%20Mario%20Bros.%20X2-52x72.jpg,752016862,Super Mario Bros. X2
https://static-cdn.jtvnw.net/ttv-boxart/The%20Smurfs%20Travel%20the%20World-52x72.jpg,7448,The Smurfs Travel the World
https://static-cdn.jtvnw.net/ttv-boxart/Overlord%27s%20New%20Mansion-52x72.jpg,782931355,Overlord's New Mansion
https://static-cdn.jtvnw.net/ttv-boxart/Shantae%20and%20the%20Pirate%27s%20Curse-52x72.jpg,80603,Shantae and the Pirate's Curse
https://static-cdn.jtvnw.net/ttv-boxart/The%20Flash-52x72.jpg,7603,The Flash
https://static-cdn.jtvnw.net/ttv-boxart/./Pitfall:%20The%20Mayan%20Adventure-52x72.jpg,8557,Pitfall: The Mayan Adventure
https://static-cdn.jtvnw.net/ttv-boxart/./Croc:%20Legend%20of%20the%20Gobbos-52x72.jpg,8668,Croc: Legend of the Gobbos
https://static-cdn.jtvnw.net/ttv-boxart/Jumping%20Flash%202-52x72.jpg,794,Jumping Flash 2
https://static-cdn.jtvnw.net/ttv-boxart/The%20Lost%20Vikings%202-52x72.jpg,802243804,The Lost Vikings 2
https://static-cdn.jtvnw.net/ttv-boxart/Kokoro%20Clover%20Part1-52x72.jpg,881524257,Kokoro Clover Part1
https://static-cdn.jtvnw.net/ttv-boxart/./Rainbow%20Islands:%20Putty%27s%20Party-52x72.jpg,82384,Rainbow Islands: Putty's Party
https://static-cdn.jtvnw.net/ttv-boxart/FLATLAND%20-%20Vol.2-52x72.jpg,88631492,FLATLAND - Vol.2
https://static-cdn.jtvnw.net/ttv-boxart/./Nyan%20Cat:%20Jump%21-52x72.jpg,85858,Nyan Cat: Jump!
https://static-cdn.jtvnw.net/ttv-boxart/Monkey%20Magic-52x72.jpg,8707,Monkey Magic
https://static-cdn.jtvnw.net/ttv-boxart/Mega%20Man%20Zero%203-52x72.jpg,8711,Mega Man Zero 3
https://static-cdn.jtvnw.net/ttv-boxart/Antonball%20Deluxe-52x72.jpg,813997619,Antonball Deluxe
https://static-cdn.jtvnw.net/ttv-boxart/./Animorphs:%20Shattered%20Reality-52x72.jpg,8353,Animorphs: Shattered Reality
https://static-cdn.jtvnw.net/ttv-boxart/Knuckles%27%20Chaotix-52x72.jpg,7594,Knuckles' Chaotix
https://static-cdn.jtvnw.net/ttv-boxart/Toki-52x72.jpg,79601,Toki
https://static-cdn.jtvnw.net/ttv-boxart/Super%20Bonk-52x72.jpg,8788,Super Bonk
https://static-cdn.jtvnw.net/ttv-boxart/Tiny%20Barbarian%20DX-52x72.jpg,85851,Tiny Barbarian DX
https://static-cdn.jtvnw.net/ttv-boxart/The%20Blues%20Brothers-52x72.jpg,7779,The Blues Brothers
https://static-cdn.jtvnw.net/ttv-boxart/Sonic%20Before%20the%20Sequel%20Aftermath-52x72.jpg,836773848,Sonic Before the Sequel Aftermath
https://static-cdn.jtvnw.net/ttv-boxart/Toast%21-52x72.jpg,79624886,Toast!
https://static-cdn.jtvnw.net/ttv-boxart/Frost%20Byte-52x72.jpg,831,Frost Byte
https://static-cdn.jtvnw.net/ttv-boxart/./Gargoyle%27s%20Quest%20II:%20The%20Demon%20Darkness-52x72.jpg,862603972,Gargoyle's Quest II: The Demon Darkness
https://static-cdn.jtvnw.net/ttv-boxart/Chicken%20Run-52x72.jpg,8415,Chicken Run
https://static-cdn.jtvnw.net/ttv-boxart/Crumble-52x72.jpg,768485727,Crumble
https://static-cdn.jtvnw.net/ttv-boxart/Milon%27s%20Secret%20Castle-52x72.jpg,7593,Milon's Secret Castle
https://static-cdn.jtvnw.net/ttv-boxart/Super%20Marisa%20Land-52x72.jpg,76447,Super Marisa Land
https://static-cdn.jtvnw.net/ttv-boxart/The%20Lost%20Light%20of%20Sisu-52x72.jpg,839421657,The Lost Light of Sisu
https://static-cdn.jtvnw.net/ttv-boxart/Bonk%27s%20Revenge-52x72.jpg,7939,Bonk's Revenge
https://static-cdn.jtvnw.net/ttv-boxart/Big%20Challenge%21%20Gun%20Fighter-52x72.jpg,86861,Big Challenge! Gun Fighter
https://static-cdn.jtvnw.net/ttv-boxart/Tribal%20Hunter-52x72.jpg,799878191,Tribal Hunter
https://static-cdn.jtvnw.net/ttv-boxart/Shiro-52x72.jpg,860691339,Shiro
https://static-cdn.jtvnw.net/ttv-boxart/Iron%20Chef-52x72.jpg,74306,Iron Chef
https://static-cdn.jtvnw.net/ttv-boxart/Christmas%20NiGHTS%20into%20Dreams-52x72.jpg,7453,Christmas NiGHTS into Dreams
https://static-cdn.jtvnw.net/ttv-boxart/Nyanroo%20The%20Supercat-52x72.jpg,762225633,Nyanroo The Supercat
https://static-cdn.jtvnw.net/ttv-boxart/The%20World%20Begins%20With%20You-52x72.jpg,788913568,The World Begins With You
https://static-cdn.jtvnw.net/ttv-boxart/Release%20Me-52x72.jpg,844319149,Release Me
https://static-cdn.jtvnw.net/ttv-boxart/Classic%20Kong-52x72.jpg,820849988,Classic Kong
https://static-cdn.jtvnw.net/ttv-boxart/Miner%202049er%20Volume%20II-52x72.jpg,82,Miner 2049er Volume II
https://static-cdn.jtvnw.net/ttv-boxart/Super%20Turrican-52x72.jpg,8603,Super Turrican
https://static-cdn.jtvnw.net/ttv-boxart/Finders%20Keepers-52x72.jpg,884,Finders Keepers
https://static-cdn.jtvnw.net/ttv-boxart/Madness-52x72.jpg,8170,Madness
https://static-cdn.jtvnw.net/ttv-boxart/Sonic%20the%20Hedgehog%20Chaos-52x72.jpg,8845,Sonic the Hedgehog Chaos
https://static-cdn.jtvnw.net/ttv-boxart/./Life%20Goes%20On:%20Done%20to%20Death-52x72.jpg,691115908,Life Goes On: Done to Death
https://static-cdn.jtvnw.net/ttv-boxart/Mega%20Twins-52x72.jpg,6615,Mega Twins
https://static-cdn.jtvnw.net/ttv-boxart/Karma%20Knight-52x72.jpg,729544155,Karma Knight
https://static-cdn.jtvnw.net/ttv-boxart/./Spider:%20The%20Video%20Game-52x72.jpg,683481786,Spider: The Video Game
https://static-cdn.jtvnw.net/ttv-boxart/Tasmania%20Story-52x72.jpg,66342,Tasmania Story
https://static-cdn.jtvnw.net/ttv-boxart/Shadow%20Land-52x72.jpg,68358,Shadow Land
https://static-cdn.jtvnw.net/ttv-boxart/Timeslip-52x72.jpg,67796,Timeslip
https://static-cdn.jtvnw.net/ttv-boxart/Mail%20Mole-52x72.jpg,69194565,Mail Mole
https://static-cdn.jtvnw.net/ttv-boxart/Stryker%27s%20Run-52x72.jpg,66289,Stryker's Run
https://static-cdn.jtvnw.net/ttv-boxart/./I%20Wanna%20Be%20The%20Guy:%20Gaiden-52x72.jpg,67431,I Wanna Be The Guy: Gaiden
https://static-cdn.jtvnw.net/ttv-boxart/Monster%20Bash-52x72.jpg,693248415,Monster Bash
https://static-cdn.jtvnw.net/ttv-boxart/Knytt%20Underground-52x72.jpg,72629,Knytt Underground
https://static-cdn.jtvnw.net/ttv-boxart/Youkai%20Club-52x72.jpg,67583,Youkai Club
https://static-cdn.jtvnw.net/ttv-boxart/Little%20Acorns-52x72.jpg,66251,Little Acorns
https://static-cdn.jtvnw.net/ttv-boxart/Joe%20&%20Mac%20Returns-52x72.jpg,67506,Joe & Mac Returns
https://static-cdn.jtvnw.net/ttv-boxart/Bishoujo%20Senshi%20Sailor%20Moon%20S-52x72.jpg,6992,Bishoujo Senshi Sailor Moon S
https://static-cdn.jtvnw.net/ttv-boxart/Imaginary-52x72.jpg,67688,Imaginary
https://static-cdn.jtvnw.net/ttv-boxart/Miracle%20Ropit%27s%20Adventure%20in%202100-52x72.jpg,67772,Miracle Ropit's Adventure in 2100
https://static-cdn.jtvnw.net/ttv-boxart/Ascent-52x72.jpg,718886936,Ascent
https://static-cdn.jtvnw.net/ttv-boxart/Grief%20Syndrome-52x72.jpg,67911,Grief Syndrome
https://static-cdn.jtvnw.net/ttv-boxart/./Super%20Mario%20Bros:%20Odyssey%20%28Chapter%201%29-52x72.jpg,690079370,Super Mario Bros: Odyssey (Chapter 1)
https://static-cdn.jtvnw.net/ttv-boxart/AvatAAAH%21%21%21-52x72.jpg,67691,AvatAAAH!!!
https://static-cdn.jtvnw.net/ttv-boxart/Gate%20World-52x72.jpg,6916,Gate World
https://static-cdn.jtvnw.net/ttv-boxart/Hotel%20Transylvania-52x72.jpg,67867,Hotel Transylvania
https://static-cdn.jtvnw.net/ttv-boxart/Rayman%20Jungle%20Run-52x72.jpg,67949,Rayman Jungle Run
https://static-cdn.jtvnw.net/ttv-boxart/./Star%20Wars%20Trilogy:%20Apprentice%20of%20the%20Force-52x72.jpg,6637,Star Wars Trilogy: Apprentice of the Force
https://static-cdn.jtvnw.net/ttv-boxart/Triangle%20Man-52x72.jpg,68341,Triangle Man
https://static-cdn.jtvnw.net/ttv-boxart/Megamari-52x72.jpg,68364,Megamari
https://static-cdn.jtvnw.net/ttv-boxart/Super%20Back%20to%20the%20Future%20Part%20II-52x72.jpg,665414268,Super Back to the Future Part II
https://static-cdn.jtvnw.net/ttv-boxart/./Relics:%20Ankoku%20Yousai-52x72.jpg,67534,Relics: Ankoku Yousai
https://static-cdn.jtvnw.net/ttv-boxart/The%20Crystal%20Catacombs-52x72.jpg,66352,The Crystal Catacombs
https://static-cdn.jtvnw.net/ttv-boxart/Bugs%20Bunny%20Collection-52x72.jpg,71356,Bugs Bunny Collection
https://static-cdn.jtvnw.net/ttv-boxart/Electrician-52x72.jpg,66195,Electrician
https://static-cdn.jtvnw.net/ttv-boxart/BoBo-52x72.jpg,7194,BoBo
https://static-cdn.jtvnw.net/ttv-boxart/./Codename:%20Droid-52x72.jpg,66292,Codename: Droid
https://static-cdn.jtvnw.net/ttv-boxart/Dead%20Head%20Fred-52x72.jpg,7272,Dead Head Fred
https://static-cdn.jtvnw.net/ttv-boxart/Bobby%20is%20Going%20Home-52x72.jpg,65935,Bobby is Going Home
https://static-cdn.jtvnw.net/ttv-boxart/./Tiny%20Toon%20Adventures%202:%20Montana%27s%20Movie%20Madness-52x72.jpg,6821,Tiny Toon Adventures 2: Montana's Movie Madness
https://static-cdn.jtvnw.net/ttv-boxart/Chester-52x72.jpg,67459,Chester
https://static-cdn.jtvnw.net/ttv-boxart/Freedom%20Planet-52x72.jpg,67562,Freedom Planet
https://static-cdn.jtvnw.net/ttv-boxart/Garfield%20and%20His%20Nine%20Lives-52x72.jpg,67514,Garfield and His Nine Lives
https://static-cdn.jtvnw.net/ttv-boxart/Heart%20of%20Darkness-52x72.jpg,697,Heart of Darkness
https://static-cdn.jtvnw.net/ttv-boxart/Tomba%21-52x72.jpg,7343,Tomba!
https://static-cdn.jtvnw.net/ttv-boxart/Red%20Rogue-52x72.jpg,65920,Red Rogue
https://static-cdn.jtvnw.net/ttv-boxart/./Tiny%20and%20Big:%20Grandpa%27s%20Leftovers-52x72.jpg,65882,Tiny and Big: Grandpa's Leftovers
https://static-cdn.jtvnw.net/ttv-boxart/./Asterix%20&%20Obelix%20XXL:%20Romastered-52x72.jpg,698787945,Asterix & Obelix XXL: Romastered
https://static-cdn.jtvnw.net/ttv-boxart/Super%20Lode%20Runner%20II-52x72.jpg,67773,Super Lode Runner II
https://static-cdn.jtvnw.net/ttv-boxart/./Hi%20no%20Tori:%20Gaou%20no%20Bouken-52x72.jpg,67601,Hi no Tori: Gaou no Bouken
https://static-cdn.jtvnw.net/ttv-boxart/Apple%20Jack%202-52x72.jpg,66096,Apple Jack 2
https://static-cdn.jtvnw.net/ttv-boxart/Ninja%20Hunter-52x72.jpg,67912,Ninja Hunter
https://static-cdn.jtvnw.net/ttv-boxart/The%20Berlin%20Wall-52x72.jpg,68339,The Berlin Wall
https://static-cdn.jtvnw.net/ttv-boxart/Jazz%20Jackrabbit-52x72.jpg,6987,Jazz Jackrabbit
https://static-cdn.jtvnw.net/ttv-boxart/Cute%20Things%20Dying%20Violently-52x72.jpg,67401,Cute Things Dying Violently
https://static-cdn.jtvnw.net/ttv-boxart/Solid%20Gold-52x72.jpg,7116,Solid Gold
https://static-cdn.jtvnw.net/ttv-boxart/Drilling%20Billy-52x72.jpg,66042,Drilling Billy
https://static-cdn.jtvnw.net/ttv-boxart/Dennis-52x72.jpg,6836,Dennis
https://static-cdn.jtvnw.net/ttv-boxart/The%20Wild-52x72.jpg,66212,The Wild
https://static-cdn.jtvnw.net/ttv-boxart/Kernmantle-52x72.jpg,72961431,Kernmantle
https://static-cdn.jtvnw.net/ttv-boxart/Pixeline%20and%20the%20Jungle%20Treasure-52x72.jpg,71367,Pixeline and the Jungle Treasure
https://static-cdn.jtvnw.net/ttv-boxart/Mohawk%20&%20Headphone%20Jack-52x72.jpg,7269,Mohawk & Headphone Jack
https://static-cdn.jtvnw.net/ttv-boxart/Agent%20Dash-52x72.jpg,68659,Agent Dash
https://static-cdn.jtvnw.net/ttv-boxart/./Earthworm%20Jim:%20Menace%202%20the%20Galaxy-52x72.jpg,7186,Earthworm Jim: Menace 2 the Galaxy
https://static-cdn.jtvnw.net/ttv-boxart/1001%20Spikes-52x72.jpg,67877,1001 Spikes
https://static-cdn.jtvnw.net/ttv-boxart/Puppeteer-52x72.jpg,67642,Puppeteer
https://static-cdn.jtvnw.net/ttv-boxart/Wreck-It%20Ralph-52x72.jpg,66177,Wreck-It Ralph
https://static-cdn.jtvnw.net/ttv-boxart/Cloudberry%20Kingdom-52x72.jpg,66218,Cloudberry Kingdom
https://static-cdn.jtvnw.net/ttv-boxart/Super%20Marisa%20World-52x72.jpg,71035,Super Marisa World
https://static-cdn.jtvnw.net/ttv-boxart/Growing%20Pains-52x72.jpg,67814,Growing Pains
https://static-cdn.jtvnw.net/ttv-boxart/./Giana%20Sisters:%20Twisted%20Dreams-52x72.jpg,67749,Giana Sisters: Twisted Dreams
https://static-cdn.jtvnw.net/ttv-boxart/./Garfield:%20Lasagna%20World%20Tour-52x72.jpg,67521,Garfield: Lasagna World Tour
https://static-cdn.jtvnw.net/ttv-boxart/Janosik-52x72.jpg,66390,Janosik
https://static-cdn.jtvnw.net/ttv-boxart/Ava-52x72.jpg,682632581,Ava
https://static-cdn.jtvnw.net/ttv-boxart/Dusk%20Child-52x72.jpg,705761989,Dusk Child
https://static-cdn.jtvnw.net/ttv-boxart/The%20Pagemaster-52x72.jpg,6663,The Pagemaster
https://static-cdn.jtvnw.net/ttv-boxart/Fucker%20Gamer%20Scum%20Get%20Stabbed-52x72.jpg,684330958,Fucker Gamer Scum Get Stabbed
https://static-cdn.jtvnw.net/ttv-boxart/./E.V.O.%20:%20Search%20for%20Eden-52x72.jpg,66449,E.V.O. : Search for Eden
https://static-cdn.jtvnw.net/ttv-boxart/Youkai%20Douchuuki-52x72.jpg,733862750,Youkai Douchuuki
https://static-cdn.jtvnw.net/ttv-boxart/./Kamen%20no%20Ninja:%20Akakage-52x72.jpg,72612,Kamen no Ninja: Akakage
https://static-cdn.jtvnw.net/ttv-boxart/./Ozzy%20Versus%20the%20Universe%20I:%20Demons%20of%20Topaz-52x72.jpg,6814,Ozzy Versus the Universe I: Demons of Topaz
https://static-cdn.jtvnw.net/ttv-boxart/Green%20Beret-52x72.jpg,664844317,Green Beret
https://static-cdn.jtvnw.net/ttv-boxart/./Ape%20Escape:%20On%20the%20Loose-52x72.jpg,7290,Ape Escape: On the Loose
"https://static-cdn.jtvnw.net/ttv-boxart/./Freakyforms%20Deluxe:%20Your%20Creations,%20Alive%21-52x72.jpg",66156,"Freakyforms Deluxe: Your Creations, Alive!"
https://static-cdn.jtvnw.net/ttv-boxart/./Escape%20Room%20VR:%20Inner%20Voices-52x72.jpg,666280274,Escape Room VR: Inner Voices
https://static-cdn.jtvnw.net/ttv-boxart/Mystic%20Mayhem-52x72.jpg,67879,Mystic Mayhem
https://static-cdn.jtvnw.net/ttv-boxart/Uuno%20Turhapuro%20muuttaa%20maalle-52x72.jpg,65885,Uuno Turhapuro muuttaa maalle
https://static-cdn.jtvnw.net/ttv-boxart/Willow-52x72.jpg,7248,Willow
https://static-cdn.jtvnw.net/ttv-boxart/Mobile%20Man-52x72.jpg,7251,Mobile Man
https://static-cdn.jtvnw.net/ttv-boxart/Path%20to%20the%20Sky-52x72.jpg,68017,Path to the Sky
https://static-cdn.jtvnw.net/ttv-boxart/Celestial%20Mechanica-52x72.jpg,65930,Celestial Mechanica
https://static-cdn.jtvnw.net/ttv-boxart/Esper%20Boukentai-52x72.jpg,67873,Esper Boukentai
https://static-cdn.jtvnw.net/ttv-boxart/Balthazar%27s%20Dream-52x72.jpg,729824194,Balthazar's Dream
https://static-cdn.jtvnw.net/ttv-boxart/Woody%27s%20World-52x72.jpg,68055,Woody's World
https://static-cdn.jtvnw.net/ttv-boxart/Trolls-52x72.jpg,67494,Trolls
https://static-cdn.jtvnw.net/ttv-boxart/./Brave%20Story:%20Wataru%27s%20Adventure-52x72.jpg,697152315,Brave Story: Wataru's Adventure
https://static-cdn.jtvnw.net/ttv-boxart/./Soreike%21%21%20Kid:%20Go%21%20Go%21%20Kid-52x72.jpg,71067,Soreike!! Kid: Go! Go! Kid
https://static-cdn.jtvnw.net/ttv-boxart/Mario%27s%20Brewery-52x72.jpg,67493,Mario's Brewery
https://static-cdn.jtvnw.net/ttv-boxart/Pitiri%201977-52x72.jpg,66142,Pitiri 1977
https://static-cdn.jtvnw.net/ttv-boxart/Eets%20Munchies-52x72.jpg,68040,Eets Munchies
https://static-cdn.jtvnw.net/ttv-boxart/Load%20Runner%204-52x72.jpg,733447217,Load Runner 4
https://static-cdn.jtvnw.net/ttv-boxart/Silver%20Night%27s%20Crusaders-52x72.jpg,718072810,Silver Night's Crusaders
https://static-cdn.jtvnw.net/ttv-boxart/Phaser-52x72.jpg,519029,Phaser
https://static-cdn.jtvnw.net/ttv-boxart/The%20Great%20Circus%20Mystery%20starring%20Mickey%20&%20Minnie-52x72.jpg,5254,The Great Circus Mystery starring Mickey & Minnie
https://static-cdn.jtvnw.net/ttv-boxart/./Rayman:%20Hoodlums%27%20Revenge-52x72.jpg,6251,Rayman: Hoodlums' Revenge
https://static-cdn.jtvnw.net/ttv-boxart/Ar%27Kritz%20the%20Intruder-52x72.jpg,5738,Ar'Kritz the Intruder
https://static-cdn.jtvnw.net/ttv-boxart/Max%20and%20the%20Magic%20Marker-52x72.jpg,560027596,Max and the Magic Marker
https://static-cdn.jtvnw.net/ttv-boxart/Carlo%20Adventure%20Legend-52x72.jpg,519363,Carlo Adventure Legend
https://static-cdn.jtvnw.net/ttv-boxart/Screaming%20Abdabs-52x72.jpg,518710,Screaming Abdabs
https://static-cdn.jtvnw.net/ttv-boxart/Wardner-52x72.jpg,5853,Wardner
https://static-cdn.jtvnw.net/ttv-boxart/Vicky-52x72.jpg,519041,Vicky
https://static-cdn.jtvnw.net/ttv-boxart/Hydra%20Castle%20Labyrinth-52x72.jpg,65776,Hydra Castle Labyrinth
https://static-cdn.jtvnw.net/ttv-boxart/Christmas%20Crisis-52x72.jpg,655365585,Christmas Crisis
https://static-cdn.jtvnw.net/ttv-boxart/Croc%202-52x72.jpg,5776,Croc 2
https://static-cdn.jtvnw.net/ttv-boxart/Camelot%20Warriors-52x72.jpg,6,Camelot Warriors
https://static-cdn.jtvnw.net/ttv-boxart/112th%20Seed-52x72.jpg,519071,112th Seed
https://static-cdn.jtvnw.net/ttv-boxart/Sonic%20Robo%20Blast-52x72.jpg,570419578,Sonic Robo Blast
https://static-cdn.jtvnw.net/ttv-boxart/Punishment-52x72.jpg,644,Punishment
https://static-cdn.jtvnw.net/ttv-boxart/Tom%20and%20Jerry-52x72.jpg,6412,Tom and Jerry
https://static-cdn.jtvnw.net/ttv-boxart/Bonk%27s%20Adventure-52x72.jpg,6378,Bonk's Adventure
https://static-cdn.jtvnw.net/ttv-boxart/Wake-52x72.jpg,65839,Wake
https://static-cdn.jtvnw.net/ttv-boxart/Duru-52x72.jpg,519275,Duru
https://static-cdn.jtvnw.net/ttv-boxart/Broll-52x72.jpg,535741448,Broll
https://static-cdn.jtvnw.net/ttv-boxart/Realms%20of%20Chaos-52x72.jpg,5589,Realms of Chaos
https://static-cdn.jtvnw.net/ttv-boxart/Carestia-52x72.jpg,518881,Carestia
https://static-cdn.jtvnw.net/ttv-boxart/Lady%20Sia-52x72.jpg,6262,Lady Sia
https://static-cdn.jtvnw.net/ttv-boxart/Bad%20Rats-52x72.jpg,593366142,Bad Rats
https://static-cdn.jtvnw.net/ttv-boxart/The%20Great%20Gatsby-52x72.jpg,65756,The Great Gatsby
https://static-cdn.jtvnw.net/ttv-boxart/You%20Are%20Disabled-52x72.jpg,651672242,You Are Disabled
https://static-cdn.jtvnw.net/ttv-boxart/Trickshot%20League-52x72.jpg,519516,Trickshot League
https://static-cdn.jtvnw.net/ttv-boxart/Bean%20Climb-52x72.jpg,519451,Bean Climb
https://static-cdn.jtvnw.net/ttv-boxart/Toss%21-52x72.jpg,518852,Toss!
https://static-cdn.jtvnw.net/ttv-boxart/Soft%20&%20Cuddly-52x72.jpg,65766,Soft & Cuddly
https://static-cdn.jtvnw.net/ttv-boxart/Super%20Cable%20Boy-52x72.jpg,57845106,Super Cable Boy
https://static-cdn.jtvnw.net/ttv-boxart/./Tiny%20Toon%20Adventures:%20Babs%27%20Big%20Break-52x72.jpg,5300,Tiny Toon Adventures: Babs' Big Break
https://static-cdn.jtvnw.net/ttv-boxart/./Soulless:%20Ray%20Of%20Hope-52x72.jpg,531081113,Soulless: Ray Of Hope
https://static-cdn.jtvnw.net/ttv-boxart/Rad%20Rocket-52x72.jpg,519423,Rad Rocket
https://static-cdn.jtvnw.net/ttv-boxart/Balan%20Wonderworld-52x72.jpg,518872,Balan Wonderworld
https://static-cdn.jtvnw.net/ttv-boxart/Elliot-52x72.jpg,518671,Elliot
https://static-cdn.jtvnw.net/ttv-boxart/Ninja%20Commando-52x72.jpg,5213,Ninja Commando
https://static-cdn.jtvnw.net/ttv-boxart/Duck%20Souls+-52x72.jpg,602099281,Duck Souls+
https://static-cdn.jtvnw.net/ttv-boxart/./Contra%20Advance:%20The%20Alien%20Wars%20EX-52x72.jpg,635,Contra Advance: The Alien Wars EX
https://static-cdn.jtvnw.net/ttv-boxart/./Ben%2010:%20Power%20Trip-52x72.jpg,518992,Ben 10: Power Trip
https://static-cdn.jtvnw.net/ttv-boxart/Upperz-52x72.jpg,554034251,Upperz
https://static-cdn.jtvnw.net/ttv-boxart/Stride-52x72.jpg,519331,Stride
https://static-cdn.jtvnw.net/ttv-boxart/./The%20Flintstones:%20The%20Surprise%20at%20Dinosaur%20Peak%21-52x72.jpg,6290,The Flintstones: The Surprise at Dinosaur Peak!
https://static-cdn.jtvnw.net/ttv-boxart/The%20Cool%20Croc%20Twins-52x72.jpg,6441,The Cool Croc Twins
https://static-cdn.jtvnw.net/ttv-boxart/Little%20Reaper-52x72.jpg,518772,Little Reaper
https://static-cdn.jtvnw.net/ttv-boxart/The%20Neon%20Mate-52x72.jpg,518639,The Neon Mate
https://static-cdn.jtvnw.net/ttv-boxart/Aldo%27s%20Assault-52x72.jpg,519294,Aldo's Assault
https://static-cdn.jtvnw.net/ttv-boxart/Kofie%20&%20Clover-52x72.jpg,518997,Kofie & Clover
https://static-cdn.jtvnw.net/ttv-boxart/The%20Cave-52x72.jpg,65814,The Cave
https://static-cdn.jtvnw.net/ttv-boxart/Misc.%20A%20Tiny%20Tale-52x72.jpg,518817,Misc. A Tiny Tale
https://static-cdn.jtvnw.net/ttv-boxart/Time%20Loader-52x72.jpg,589660413,Time Loader
https://static-cdn.jtvnw.net/ttv-boxart/Naught-52x72.jpg,519078,Naught
https://static-cdn.jtvnw.net/ttv-boxart/YesterMorrow-52x72.jpg,579168611,YesterMorrow
https://static-cdn.jtvnw.net/ttv-boxart/That%20Level%20Again-52x72.jpg,547581534,That Level Again
https://static-cdn.jtvnw.net/ttv-boxart/Dungeon%20Throne-52x72.jpg,519068,Dungeon Throne
https://static-cdn.jtvnw.net/ttv-boxart/./Jill%20of%20the%20Jungle:%20Jill%20Saves%20the%20Prince-52x72.jpg,5318,Jill of the Jungle: Jill Saves the Prince
https://static-cdn.jtvnw.net/ttv-boxart/Aldo%20Again-52x72.jpg,519295,Aldo Again
https://static-cdn.jtvnw.net/ttv-boxart/./Despicable%20Me:%20Minion%20Mayhem-52x72.jpg,559139963,Despicable Me: Minion Mayhem
https://static-cdn.jtvnw.net/ttv-boxart/./Rayman%202:%20The%20Great%20Escape-52x72.jpg,569,Rayman 2: The Great Escape
https://static-cdn.jtvnw.net/ttv-boxart/Wallace%20&%20Gromit%20in%20Project%20Zoo-52x72.jpg,5683,Wallace & Gromit in Project Zoo
https://static-cdn.jtvnw.net/ttv-boxart/UNCLE%20SAD%20BEDROOM-52x72.jpg,59126164,UNCLE SAD BEDROOM
https://static-cdn.jtvnw.net/ttv-boxart/Climb%20to%20the%20Top%20of%20the%20Castle-52x72.jpg,65817,Climb to the Top of the Castle
https://static-cdn.jtvnw.net/ttv-boxart/Arcade%20Game%20Construction%20Kit-52x72.jpg,604079227,Arcade Game Construction Kit
https://static-cdn.jtvnw.net/ttv-boxart/./Michael%20Jordan:%20Chaos%20in%20the%20Windy%20City-52x72.jpg,6123,Michael Jordan: Chaos in the Windy City
https://static-cdn.jtvnw.net/ttv-boxart/Treasure%20Island%20Dizzy-52x72.jpg,6180,Treasure Island Dizzy
https://static-cdn.jtvnw.net/ttv-boxart/Spellbound%20Dizzy-52x72.jpg,5999,Spellbound Dizzy
https://static-cdn.jtvnw.net/ttv-boxart/Aeon%20Drive-52x72.jpg,519401,Aeon Drive
https://static-cdn.jtvnw.net/ttv-boxart/Parasol%20Henbee-52x72.jpg,518782,Parasol Henbee
https://static-cdn.jtvnw.net/ttv-boxart/You%20Have%20to%20Win%20the%20Game-52x72.jpg,65715,You Have to Win the Game
https://static-cdn.jtvnw.net/ttv-boxart/./Chuck%20Rock%20II:%20Son%20of%20Chuck-52x72.jpg,5986,Chuck Rock II: Son of Chuck
https://static-cdn.jtvnw.net/ttv-boxart/Nobby%20the%20Aardvark-52x72.jpg,518908,Nobby the Aardvark
https://static-cdn.jtvnw.net/ttv-boxart/Don%27t%20Call%20Me%20Skyfish-52x72.jpg,65783,Don't Call Me Skyfish
https://static-cdn.jtvnw.net/ttv-boxart/Ballance-52x72.jpg,6393,Ballance
https://static-cdn.jtvnw.net/ttv-boxart/Sonic%20Labyrinth-52x72.jpg,5697,Sonic Labyrinth
https://static-cdn.jtvnw.net/ttv-boxart/Uurnog%20Uurnlimited-52x72.jpg,520964183,Uurnog Uurnlimited
https://static-cdn.jtvnw.net/ttv-boxart/Magic%20Mushrooms-52x72.jpg,612809934,Magic Mushrooms
https://static-cdn.jtvnw.net/ttv-boxart/Nosferatu-52x72.jpg,5874,Nosferatu
https://static-cdn.jtvnw.net/ttv-boxart/./Twitchoos%20RUN:%20Socks%20&%20Stream-52x72.jpg,518742,Twitchoos RUN: Socks & Stream
https://static-cdn.jtvnw.net/ttv-boxart/NGHTMN-52x72.jpg,576635144,NGHTMN
https://static-cdn.jtvnw.net/ttv-boxart/Captain%20Pegleg-52x72.jpg,518890,Captain Pegleg
https://static-cdn.jtvnw.net/ttv-boxart/Spooky%20Chase-52x72.jpg,518737,Spooky Chase
https://static-cdn.jtvnw.net/ttv-boxart/./Super%20Solvers:%20Challenge%20of%20the%20Ancient%20Empires%21-52x72.jpg,5686,Super Solvers: Challenge of the Ancient Empires!
https://static-cdn.jtvnw.net/ttv-boxart/The%20Simpsons%20Game-52x72.jpg,6207,The Simpsons Game
https://static-cdn.jtvnw.net/ttv-boxart/./Castlevania:%20Lords%20of%20Shadow%20-%20Mirror%20of%20Fate-52x72.jpg,65858,Castlevania: Lords of Shadow - Mirror of Fate
https://static-cdn.jtvnw.net/ttv-boxart/./Jumpin%27%20Jupiter:%20Prelude-52x72.jpg,581491997,Jumpin' Jupiter: Prelude
https://static-cdn.jtvnw.net/ttv-boxart/Blue%27s%20Journey-52x72.jpg,6089,Blue's Journey
https://static-cdn.jtvnw.net/ttv-boxart/Frogger%20Beyond-52x72.jpg,5734,Frogger Beyond
https://static-cdn.jtvnw.net/ttv-boxart/Nyan%20Cat%20Adventure-52x72.jpg,65781,Nyan Cat Adventure
https://static-cdn.jtvnw.net/ttv-boxart/Call%20Me%20Skyfish-52x72.jpg,65784,Call Me Skyfish
https://static-cdn.jtvnw.net/ttv-boxart/Magical%20Tree-52x72.jpg,5430,Magical Tree
https://static-cdn.jtvnw.net/ttv-boxart/./James%20Pond%203:%20Operation%20Starfish-52x72.jpg,5222,James Pond 3: Operation Starfish
https://static-cdn.jtvnw.net/ttv-boxart/Crystal%27s%20Pony%20Tale-52x72.jpg,5272,Crystal's Pony Tale
https://static-cdn.jtvnw.net/ttv-boxart/Roll%20The%20World-52x72.jpg,518895,Roll The World
https://static-cdn.jtvnw.net/ttv-boxart/Spellsword-52x72.jpg,65830,Spellsword
https://static-cdn.jtvnw.net/ttv-boxart/./Crash%20Bandicoot:%20On%20the%20Run%21-52x72.jpg,518962,Crash Bandicoot: On the Run!
https://static-cdn.jtvnw.net/ttv-boxart/Bubsy%20in%20Fractured%20Furry%20Tales-52x72.jpg,5347,Bubsy in Fractured Furry Tales
https://static-cdn.jtvnw.net/ttv-boxart/ADVERSE-52x72.jpg,518750,ADVERSE
https://static-cdn.jtvnw.net/ttv-boxart/Heart%20Star-52x72.jpg,566319227,Heart Star
https://static-cdn.jtvnw.net/ttv-boxart/./QuackShot:%20Starring%20Donald%20Duck-52x72.jpg,5820,QuackShot: Starring Donald Duck
https://static-cdn.jtvnw.net/ttv-boxart/The%20Cork-52x72.jpg,517782,The Cork
https://static-cdn.jtvnw.net/ttv-boxart/Clan%20O%27Conall%20and%20the%20Crown%20of%20the%20Stag-52x72.jpg,518224,Clan O'Conall and the Crown of the Stag
https://static-cdn.jtvnw.net/ttv-boxart/Duck%20Man-52x72.jpg,517686,Duck Man
https://static-cdn.jtvnw.net/ttv-boxart/Foxyland%20Collection-52x72.jpg,517537,Foxyland Collection
https://static-cdn.jtvnw.net/ttv-boxart/./Spy%20Kids%203-D:%20Game%20Over-52x72.jpg,517592,Spy Kids 3-D: Game Over
https://static-cdn.jtvnw.net/ttv-boxart/./A%20Purrtato%20Tail:%20By%20the%20Light%20of%20the%20Elderstar-52x72.jpg,515423,A Purrtato Tail: By the Light of the Elderstar
https://static-cdn.jtvnw.net/ttv-boxart/Dark%20Dreams%20RHN-52x72.jpg,515546,Dark Dreams RHN
https://static-cdn.jtvnw.net/ttv-boxart/Ato-52x72.jpg,517084,Ato
https://static-cdn.jtvnw.net/ttv-boxart/./Potata:%20Chapter%20One-52x72.jpg,515407,Potata: Chapter One
https://static-cdn.jtvnw.net/ttv-boxart/A%20Juggler%27s%20Tale-52x72.jpg,516706,A Juggler's Tale
https://static-cdn.jtvnw.net/ttv-boxart/Perils%20of%20Baking-52x72.jpg,515535,Perils of Baking
https://static-cdn.jtvnw.net/ttv-boxart/Corey%20Coolbrew-52x72.jpg,517894,Corey Coolbrew
https://static-cdn.jtvnw.net/ttv-boxart/Axiom%20Verge%202-52x72.jpg,515458,Axiom Verge 2
https://static-cdn.jtvnw.net/ttv-boxart/Castle%20Kong-52x72.jpg,517475,Castle Kong
https://static-cdn.jtvnw.net/ttv-boxart/Hureemu%20Adventure-52x72.jpg,517921,Hureemu Adventure
https://static-cdn.jtvnw.net/ttv-boxart/Polyko%27s%20Super%20Jelly%20Bean%20Quest%20in%20the%20Sketchbook%20of%20Illusion-52x72.jpg,515806,Polyko's Super Jelly Bean Quest in the Sketchbook of Illusion
https://static-cdn.jtvnw.net/ttv-boxart/Rotund%20Zero-52x72.jpg,517943,Rotund Zero
https://static-cdn.jtvnw.net/ttv-boxart/Caution%21%20Platforming%20Ahead-52x72.jpg,515419,Caution! Platforming Ahead
https://static-cdn.jtvnw.net/ttv-boxart/./Jump%20Hero%20II:%20Jinsei%20wa%20Jab%C5%ABn-52x72.jpg,518237,Jump Hero II: Jinsei wa Jabūn
https://static-cdn.jtvnw.net/ttv-boxart/./UWOL:%20Quest%20for%20Money-52x72.jpg,515378,UWOL: Quest for Money
https://static-cdn.jtvnw.net/ttv-boxart/Another%20World/Flashback-52x72.jpg,515220,Another World/Flashback
https://static-cdn.jtvnw.net/ttv-boxart/./Space%20Hunted:%20The%20Lost%20Levels-52x72.jpg,516275,Space Hunted: The Lost Levels
https://static-cdn.jtvnw.net/ttv-boxart/Code%20Arcturus-52x72.jpg,517840,Code Arcturus
https://static-cdn.jtvnw.net/ttv-boxart/Enchanted-52x72.jpg,516880,Enchanted
https://static-cdn.jtvnw.net/ttv-boxart/Lumin-52x72.jpg,516182,Lumin
https://static-cdn.jtvnw.net/ttv-boxart/StretchBot-52x72.jpg,515791,StretchBot
https://static-cdn.jtvnw.net/ttv-boxart/Mighty%20Fling-52x72.jpg,518485,Mighty Fling
https://static-cdn.jtvnw.net/ttv-boxart/Goblin%20Sword-52x72.jpg,516643,Goblin Sword
https://static-cdn.jtvnw.net/ttv-boxart/./Record%20of%20Lodoss%20War:%20Deedlit%20in%20Wonder%20Labyrinth-52x72.jpg,516586,Record of Lodoss War: Deedlit in Wonder Labyrinth
https://static-cdn.jtvnw.net/ttv-boxart/Deep%20Space%20Rush-52x72.jpg,514943,Deep Space Rush
https://static-cdn.jtvnw.net/ttv-boxart/Panic%2064-52x72.jpg,516223,Panic 64
https://static-cdn.jtvnw.net/ttv-boxart/Darkour-52x72.jpg,517134,Darkour
https://static-cdn.jtvnw.net/ttv-boxart/CODE%20SHIFTER-52x72.jpg,515849,CODE SHIFTER
https://static-cdn.jtvnw.net/ttv-boxart/Pay%20to%20Jump-52x72.jpg,517652,Pay to Jump
https://static-cdn.jtvnw.net/ttv-boxart/D1896-52x72.jpg,515973,D1896
https://static-cdn.jtvnw.net/ttv-boxart/Gleamlight-52x72.jpg,515461,Gleamlight
https://static-cdn.jtvnw.net/ttv-boxart/HiberWorld-52x72.jpg,515159,HiberWorld
https://static-cdn.jtvnw.net/ttv-boxart/Widget%20Satchel-52x72.jpg,514767,Widget Satchel
https://static-cdn.jtvnw.net/ttv-boxart/Piko%20Interactive%20Collection%201-52x72.jpg,515144,Piko Interactive Collection 1
https://static-cdn.jtvnw.net/ttv-boxart/Mister%20Fruit%20Joy-52x72.jpg,517520,Mister Fruit Joy
https://static-cdn.jtvnw.net/ttv-boxart/Super%20Astreus%202-52x72.jpg,517083,Super Astreus 2
https://static-cdn.jtvnw.net/ttv-boxart/Baby%20Dino%20Adventures-52x72.jpg,518173,Baby Dino Adventures
https://static-cdn.jtvnw.net/ttv-boxart/Blue%20Fire-52x72.jpg,517495,Blue Fire
https://static-cdn.jtvnw.net/ttv-boxart/Ynglet-52x72.jpg,518189,Ynglet
https://static-cdn.jtvnw.net/ttv-boxart/Stack%20Up%20%28or%20dive%20trying%29-52x72.jpg,518368,Stack Up (or dive trying)
https://static-cdn.jtvnw.net/ttv-boxart/Jumping%20jet-52x72.jpg,517848,Jumping jet
https://static-cdn.jtvnw.net/ttv-boxart/%5BSpeer%5D-52x72.jpg,518539,[Speer]
https://static-cdn.jtvnw.net/ttv-boxart/./LOGA:%20Unexpected%20Adventure-52x72.jpg,515709,LOGA: Unexpected Adventure
https://static-cdn.jtvnw.net/ttv-boxart/Regina%20&%20Mac-52x72.jpg,515745,Regina & Mac
https://static-cdn.jtvnw.net/ttv-boxart/Reed%202-52x72.jpg,517410,Reed 2
https://static-cdn.jtvnw.net/ttv-boxart/./8Doors:%20Arum%27s%20Afterlife%20Adventure-52x72.jpg,517953,8Doors: Arum's Afterlife Adventure
https://static-cdn.jtvnw.net/ttv-boxart/GREEN%20VIDEO%20GAME-52x72.jpg,515281,GREEN VIDEO GAME
https://static-cdn.jtvnw.net/ttv-boxart/Alien%20Legion-52x72.jpg,518235,Alien Legion
https://static-cdn.jtvnw.net/ttv-boxart/Panda%20Hero-52x72.jpg,517224,Panda Hero
https://static-cdn.jtvnw.net/ttv-boxart/Jump%20Hero-52x72.jpg,518236,Jump Hero
https://static-cdn.jtvnw.net/ttv-boxart/GHost93-52x72.jpg,517180,GHost93
https://static-cdn.jtvnw.net/ttv-boxart/ROCKMEN%20R2-52x72.jpg,517922,ROCKMEN R2
https://static-cdn.jtvnw.net/ttv-boxart/It%20Takes%20Two-52x72.jpg,518213,It Takes Two
https://static-cdn.jtvnw.net/ttv-boxart/Vic%20Panic-52x72.jpg,516228,Vic Panic
https://static-cdn.jtvnw.net/ttv-boxart/Skeleton%20Crew-52x72.jpg,518090,Skeleton Crew
https://static-cdn.jtvnw.net/ttv-boxart/Nameless%20Cat-52x72.jpg,517940,Nameless Cat
https://static-cdn.jtvnw.net/ttv-boxart/Bake%20%27n%20Switch-52x72.jpg,515460,Bake 'n Switch
https://static-cdn.jtvnw.net/ttv-boxart/Pyramid%20Plunge-52x72.jpg,515055,Pyramid Plunge
https://static-cdn.jtvnw.net/ttv-boxart/Let%27s%20See%20What%20You%20Got-52x72.jpg,514798,Let's See What You Got
https://static-cdn.jtvnw.net/ttv-boxart/RITE-52x72.jpg,518309,RITE
https://static-cdn.jtvnw.net/ttv-boxart/Blood%20will%20be%20Spilled-52x72.jpg,516221,Blood will be Spilled
https://static-cdn.jtvnw.net/ttv-boxart/Double%20Pug%20Switch-52x72.jpg,518481,Double Pug Switch
https://static-cdn.jtvnw.net/ttv-boxart/Mega%20Man%20X%20Dive-52x72.jpg,516791,Mega Man X Dive
https://static-cdn.jtvnw.net/ttv-boxart/Awesome%20Pea%202-52x72.jpg,516036,Awesome Pea 2
https://static-cdn.jtvnw.net/ttv-boxart/Captain%20Mayo-52x72.jpg,518533,Captain Mayo
https://static-cdn.jtvnw.net/ttv-boxart/Difficulty%20Spike-52x72.jpg,515623,Difficulty Spike
https://static-cdn.jtvnw.net/ttv-boxart/./Epic%20Dumpster%20Bear%202:%20He%20Who%20Bears%20Wins-52x72.jpg,518100,Epic Dumpster Bear 2: He Who Bears Wins
https://static-cdn.jtvnw.net/ttv-boxart/Crazy%20Kong-52x72.jpg,516210,Crazy Kong
https://static-cdn.jtvnw.net/ttv-boxart/Tin%20&%20Kuna-52x72.jpg,518283,Tin & Kuna
https://static-cdn.jtvnw.net/ttv-boxart/Donut%20Boi-52x72.jpg,515296,Donut Boi
https://static-cdn.jtvnw.net/ttv-boxart/Revenge%20of%20the%20Bird%20King-52x72.jpg,515091,Revenge of the Bird King
https://static-cdn.jtvnw.net/ttv-boxart/Jersey%20Devil-52x72.jpg,5172,Jersey Devil
https://static-cdn.jtvnw.net/ttv-boxart/Blupi%20Explorer-52x72.jpg,517225,Blupi Explorer
https://static-cdn.jtvnw.net/ttv-boxart/Squidgies%20Takeover-52x72.jpg,515786,Squidgies Takeover
https://static-cdn.jtvnw.net/ttv-boxart/The%20Taller%20I%20Grow-52x72.jpg,517732,The Taller I Grow
https://static-cdn.jtvnw.net/ttv-boxart/Hazel%20Sky-52x72.jpg,516587,Hazel Sky
https://static-cdn.jtvnw.net/ttv-boxart/Jetpack%202-52x72.jpg,518046,Jetpack 2
https://static-cdn.jtvnw.net/ttv-boxart/DInosaur%20Adventure%20Island-52x72.jpg,517725,DInosaur Adventure Island
https://static-cdn.jtvnw.net/ttv-boxart/./Unbound:%20Worlds%20Apart-52x72.jpg,516819,Unbound: Worlds Apart
https://static-cdn.jtvnw.net/ttv-boxart/Dreamworld%20Pogie-52x72.jpg,517955,Dreamworld Pogie
https://static-cdn.jtvnw.net/ttv-boxart/Legbreaker-52x72.jpg,517562,Legbreaker
https://static-cdn.jtvnw.net/ttv-boxart/The%20Castle%20of%20Dr.%20Malvado-52x72.jpg,518483,The Castle of Dr. Malvado
https://static-cdn.jtvnw.net/ttv-boxart/Super%20Cat%20Tales-52x72.jpg,515730,Super Cat Tales
https://static-cdn.jtvnw.net/ttv-boxart/Bucket%20Knight-52x72.jpg,516378,Bucket Knight
https://static-cdn.jtvnw.net/ttv-boxart/Little%20Big%20Adventure%202-52x72.jpg,518556,Little Big Adventure 2
https://static-cdn.jtvnw.net/ttv-boxart/Xanthius-52x72.jpg,515726,Xanthius
https://static-cdn.jtvnw.net/ttv-boxart/Alwa%27s%20Legacy-52x72.jpg,518269,Alwa's Legacy
https://static-cdn.jtvnw.net/ttv-boxart/Spyro%20Superpack-52x72.jpg,516373,Spyro Superpack
https://static-cdn.jtvnw.net/ttv-boxart/Meme%20Run%202-52x72.jpg,518498,Meme Run 2
https://static-cdn.jtvnw.net/ttv-boxart/./Street%20Cleaner:%20The%20Video%20Game-52x72.jpg,517345,Street Cleaner: The Video Game
https://static-cdn.jtvnw.net/ttv-boxart/Gumchu%20Girl-52x72.jpg,518472,Gumchu Girl
https://static-cdn.jtvnw.net/ttv-boxart/Building%20Hopper-52x72.jpg,515727,Building Hopper
https://static-cdn.jtvnw.net/ttv-boxart/Sally6-52x72.jpg,514699,Sally6
https://static-cdn.jtvnw.net/ttv-boxart/Handulum+-52x72.jpg,517509,Handulum+
https://static-cdn.jtvnw.net/ttv-boxart/M%C3%B6bler-52x72.jpg,517522,Möbler
https://static-cdn.jtvnw.net/ttv-boxart/Songbird%20Symphony-52x72.jpg,511221,Songbird Symphony
https://static-cdn.jtvnw.net/ttv-boxart/Blagger%20Goes%20to%20Hollywood-52x72.jpg,511645,Blagger Goes to Hollywood
https://static-cdn.jtvnw.net/ttv-boxart/Mirepoix-52x72.jpg,512820,Mirepoix
https://static-cdn.jtvnw.net/ttv-boxart/Climber-52x72.jpg,512506,Climber
https://static-cdn.jtvnw.net/ttv-boxart/All%20of%20Our%20Friends%20Are%20Dead-52x72.jpg,513294,All of Our Friends Are Dead
https://static-cdn.jtvnw.net/ttv-boxart/Frogger%20In%20Toy%20Town-52x72.jpg,514381,Frogger In Toy Town
https://static-cdn.jtvnw.net/ttv-boxart/./Johnny%209:%20The%20Return-52x72.jpg,514682,Johnny 9: The Return
https://static-cdn.jtvnw.net/ttv-boxart/OMNO-52x72.jpg,510441,OMNO
https://static-cdn.jtvnw.net/ttv-boxart/Super%20Climb%20Up-52x72.jpg,511481,Super Climb Up
https://static-cdn.jtvnw.net/ttv-boxart/./Babar:%20To%20The%20Rescue-52x72.jpg,511395,Babar: To The Rescue
https://static-cdn.jtvnw.net/ttv-boxart/Super%20Life%20of%20Pixel-52x72.jpg,510556,Super Life of Pixel
https://static-cdn.jtvnw.net/ttv-boxart/Plasticity-52x72.jpg,512749,Plasticity
https://static-cdn.jtvnw.net/ttv-boxart/Rayman%20Mini-52x72.jpg,514392,Rayman Mini
https://static-cdn.jtvnw.net/ttv-boxart/Johnny%20Test-52x72.jpg,511590,Johnny Test
https://static-cdn.jtvnw.net/ttv-boxart/JJAT-52x72.jpg,513661,JJAT
https://static-cdn.jtvnw.net/ttv-boxart/Frantic%20Freddie-52x72.jpg,511411,Frantic Freddie
https://static-cdn.jtvnw.net/ttv-boxart/Sally%203-52x72.jpg,512175,Sally 3
https://static-cdn.jtvnw.net/ttv-boxart/Kang%20Fu%20%281996%29-52x72.jpg,510697,Kang Fu (1996)
https://static-cdn.jtvnw.net/ttv-boxart/Inops-52x72.jpg,511176,Inops
https://static-cdn.jtvnw.net/ttv-boxart/./F.I.S.T.:%20Forged%20In%20Shadow%20Torch-52x72.jpg,511666,F.I.S.T.: Forged In Shadow Torch
https://static-cdn.jtvnw.net/ttv-boxart/Spicy%20Piggy-52x72.jpg,513199,Spicy Piggy
https://static-cdn.jtvnw.net/ttv-boxart/Sergeant%20Seymour%20RobotCop-52x72.jpg,514427,Sergeant Seymour RobotCop
https://static-cdn.jtvnw.net/ttv-boxart/Minky%20Monkey-52x72.jpg,514181,Minky Monkey
https://static-cdn.jtvnw.net/ttv-boxart/Smelter-52x72.jpg,512965,Smelter
https://static-cdn.jtvnw.net/ttv-boxart/Raffle%20Cat-52x72.jpg,511834,Raffle Cat
https://static-cdn.jtvnw.net/ttv-boxart/Virus.exe-52x72.jpg,511055,Virus.exe
https://static-cdn.jtvnw.net/ttv-boxart/Bubble%20Bobble%204%20Friends-52x72.jpg,513872,Bubble Bobble 4 Friends
https://static-cdn.jtvnw.net/ttv-boxart/Peasant%20Knight-52x72.jpg,512742,Peasant Knight
https://static-cdn.jtvnw.net/ttv-boxart/Little%20Orpheus-52x72.jpg,514487,Little Orpheus
https://static-cdn.jtvnw.net/ttv-boxart/Spark%20the%20Electric%20Jester%202-52x72.jpg,512656,Spark the Electric Jester 2
https://static-cdn.jtvnw.net/ttv-boxart/Yogi%27s%20Great%20Escape-52x72.jpg,513489,Yogi's Great Escape
https://static-cdn.jtvnw.net/ttv-boxart/Superkid-52x72.jpg,512822,Superkid
https://static-cdn.jtvnw.net/ttv-boxart/Indecision.-52x72.jpg,510969,Indecision.
https://static-cdn.jtvnw.net/ttv-boxart/The%20Prometheus%20Secret%20Noohra-52x72.jpg,510327,The Prometheus Secret Noohra
https://static-cdn.jtvnw.net/ttv-boxart/Psycho-Nics%20Oscar-52x72.jpg,511548,Psycho-Nics Oscar
https://static-cdn.jtvnw.net/ttv-boxart/./Fireboy%20and%20Watergirl:%20The%20Ice%20Temple-52x72.jpg,513533,Fireboy and Watergirl: The Ice Temple
https://static-cdn.jtvnw.net/ttv-boxart/Sally%203%201/2-52x72.jpg,512174,Sally 3 1/2
https://static-cdn.jtvnw.net/ttv-boxart/Wunderling-52x72.jpg,512181,Wunderling
https://static-cdn.jtvnw.net/ttv-boxart/Furwind-52x72.jpg,513264,Furwind
https://static-cdn.jtvnw.net/ttv-boxart/Daggerhood-52x72.jpg,511329,Daggerhood
https://static-cdn.jtvnw.net/ttv-boxart/Void%20Mine-52x72.jpg,511652,Void Mine
https://static-cdn.jtvnw.net/ttv-boxart/./Artemis:%20God-Queen%20of%20The%20Hunt-52x72.jpg,512808,Artemis: God-Queen of The Hunt
https://static-cdn.jtvnw.net/ttv-boxart/./Pink%20Panther:%20Jewel%20Heist-52x72.jpg,514023,Pink Panther: Jewel Heist
https://static-cdn.jtvnw.net/ttv-boxart/./Fireboy%20and%20Watergirl:%20The%20Forest%20Temple-52x72.jpg,513535,Fireboy and Watergirl: The Forest Temple
https://static-cdn.jtvnw.net/ttv-boxart/Automan-52x72.jpg,512715,Automan
https://static-cdn.jtvnw.net/ttv-boxart/./Dragon%27s%20Lair:%20The%20Legend-52x72.jpg,511016,Dragon's Lair: The Legend
https://static-cdn.jtvnw.net/ttv-boxart/Zak-52x72.jpg,513680,Zak
https://static-cdn.jtvnw.net/ttv-boxart/Rotating%20Brave-52x72.jpg,511659,Rotating Brave
https://static-cdn.jtvnw.net/ttv-boxart/./Tokyo%20Disneyland:%20Mickey%20no%20Cinderella-jou%20Mystery%20Tour-52x72.jpg,514257,Tokyo Disneyland: Mickey no Cinderella-jou Mystery Tour
https://static-cdn.jtvnw.net/ttv-boxart/Marble%20Marcher-52x72.jpg,511389,Marble Marcher
https://static-cdn.jtvnw.net/ttv-boxart/Escape%20from%20the%20Underworld-52x72.jpg,511030,Escape from the Underworld
https://static-cdn.jtvnw.net/ttv-boxart/Chubby%20Gristle-52x72.jpg,513483,Chubby Gristle
https://static-cdn.jtvnw.net/ttv-boxart/./Hollow%20Knight:%20Silksong-52x72.jpg,511391,Hollow Knight: Silksong
https://static-cdn.jtvnw.net/ttv-boxart/./Fireboy%20and%20Watergirl:%20The%20Crystal%20Temple-52x72.jpg,513532,Fireboy and Watergirl: The Crystal Temple
https://static-cdn.jtvnw.net/ttv-boxart/Port%20Man-52x72.jpg,513422,Port Man
https://static-cdn.jtvnw.net/ttv-boxart/Cuthbert%20and%20the%20Golden%20Chalice-52x72.jpg,512827,Cuthbert and the Golden Chalice
https://static-cdn.jtvnw.net/ttv-boxart/Raygun%20Gadabout-52x72.jpg,514072,Raygun Gadabout
https://static-cdn.jtvnw.net/ttv-boxart/Do%20It%20for%20Me-52x72.jpg,513203,Do It for Me
https://static-cdn.jtvnw.net/ttv-boxart/BOX%20BOY%21%20+%20BOX%20GIRL%21-52x72.jpg,511392,BOX BOY! + BOX GIRL!
https://static-cdn.jtvnw.net/ttv-boxart/Blaster%20Master%20Zero%202-52x72.jpg,511816,Blaster Master Zero 2
https://static-cdn.jtvnw.net/ttv-boxart/Nuclear%20Nick-52x72.jpg,511454,Nuclear Nick
https://static-cdn.jtvnw.net/ttv-boxart/Bubbles%20the%20Cat-52x72.jpg,511952,Bubbles the Cat
https://static-cdn.jtvnw.net/ttv-boxart/Tamashii-52x72.jpg,511758,Tamashii
https://static-cdn.jtvnw.net/ttv-boxart/./Sabrina%20the%20Animated%20Series:%20Spooked%21-52x72.jpg,511072,Sabrina the Animated Series: Spooked!
https://static-cdn.jtvnw.net/ttv-boxart/The%20Hour%20of%20the%20Rat-52x72.jpg,513915,The Hour of the Rat
https://static-cdn.jtvnw.net/ttv-boxart/./Shanky:%20The%20Vegan%27s%20Nightmare-52x72.jpg,511949,Shanky: The Vegan's Nightmare
https://static-cdn.jtvnw.net/ttv-boxart/Awesome%20Pea-52x72.jpg,511340,Awesome Pea
https://static-cdn.jtvnw.net/ttv-boxart/Melbits%20World-52x72.jpg,511096,Melbits World
https://static-cdn.jtvnw.net/ttv-boxart/Stinkoman%2020X6-52x72.jpg,511184,Stinkoman 20X6
https://static-cdn.jtvnw.net/ttv-boxart/Vectronom-52x72.jpg,512812,Vectronom
https://static-cdn.jtvnw.net/ttv-boxart/Maldrin%20Journey-52x72.jpg,512947,Maldrin Journey
https://static-cdn.jtvnw.net/ttv-boxart/./Sam%20Stoat:%20Safebreaker-52x72.jpg,512773,Sam Stoat: Safebreaker
https://static-cdn.jtvnw.net/ttv-boxart/Effie-52x72.jpg,512133,Effie
https://static-cdn.jtvnw.net/ttv-boxart/Shovel%20Knight%20Dig-52x72.jpg,514089,Shovel Knight Dig
https://static-cdn.jtvnw.net/ttv-boxart/Lychnis-52x72.jpg,511390,Lychnis
https://static-cdn.jtvnw.net/ttv-boxart/Super%20Wiloo%20Demake-52x72.jpg,513685,Super Wiloo Demake
https://static-cdn.jtvnw.net/ttv-boxart/Celestial%20Hacker%20Girl%20Jessica-52x72.jpg,510454,Celestial Hacker Girl Jessica
https://static-cdn.jtvnw.net/ttv-boxart/Sally%204-52x72.jpg,512173,Sally 4
https://static-cdn.jtvnw.net/ttv-boxart/Liebt%20Mich%20Nicht-52x72.jpg,512071,Liebt Mich Nicht
https://static-cdn.jtvnw.net/ttv-boxart/Smash%20Ringtail%20Cat-52x72.jpg,514619,Smash Ringtail Cat
https://static-cdn.jtvnw.net/ttv-boxart/Universe%2024-52x72.jpg,512146,Universe 24
https://static-cdn.jtvnw.net/ttv-boxart/Source%20of%20Madness-52x72.jpg,510596,Source of Madness
https://static-cdn.jtvnw.net/ttv-boxart/./Magical%20Taluluto-kun%202:%20Raiba%20Zone%20Panic%21%21-52x72.jpg,510499,Magical Taluluto-kun 2: Raiba Zone Panic!!
https://static-cdn.jtvnw.net/ttv-boxart/ROCKETRON-52x72.jpg,514652,ROCKETRON
https://static-cdn.jtvnw.net/ttv-boxart/Bunny%20Must%20Die%21%20Chelsea%20and%20the%207%20Devils-52x72.jpg,510505,Bunny Must Die! Chelsea and the 7 Devils
https://static-cdn.jtvnw.net/ttv-boxart/Demolition%20Crew-52x72.jpg,513378,Demolition Crew
https://static-cdn.jtvnw.net/ttv-boxart/./Zera:%20Other%20Worlds-52x72.jpg,514069,Zera: Other Worlds
https://static-cdn.jtvnw.net/ttv-boxart/F%C5%ABun%20Gok%C5%AB%20Ninden-52x72.jpg,512871,Fūun Gokū Ninden
https://static-cdn.jtvnw.net/ttv-boxart/Sally-52x72.jpg,512177,Sally
https://static-cdn.jtvnw.net/ttv-boxart/Grimvalor-52x72.jpg,510774,Grimvalor
https://static-cdn.jtvnw.net/ttv-boxart/Hidden%20Deep-52x72.jpg,514692,Hidden Deep
https://static-cdn.jtvnw.net/ttv-boxart/Miracle%20Fly-52x72.jpg,510928,Miracle Fly
https://static-cdn.jtvnw.net/ttv-boxart/Lurid%20Land-52x72.jpg,514339,Lurid Land
https://static-cdn.jtvnw.net/ttv-boxart/Copperbell-52x72.jpg,513834,Copperbell
https://static-cdn.jtvnw.net/ttv-boxart/That%27s%20How%20Sumireko%27s%20Roach%20Stomping%20Mafia%20Works-52x72.jpg,511053,That's How Sumireko's Roach Stomping Mafia Works
https://static-cdn.jtvnw.net/ttv-boxart/Ice%20Age%20Adventures-52x72.jpg,512419,Ice Age Adventures
https://static-cdn.jtvnw.net/ttv-boxart/Zero%20Deaths-52x72.jpg,511805,Zero Deaths
https://static-cdn.jtvnw.net/ttv-boxart/Norman%27s%20Night%20in%20the%20Cave-52x72.jpg,512193,Norman's Night in the Cave
https://static-cdn.jtvnw.net/ttv-boxart/Job%20the%20Leprechaun-52x72.jpg,510890,Job the Leprechaun
https://static-cdn.jtvnw.net/ttv-boxart/Tied%20Together-52x72.jpg,510425,Tied Together
https://static-cdn.jtvnw.net/ttv-boxart/Spike%20Hike-52x72.jpg,509992,Spike Hike
https://static-cdn.jtvnw.net/ttv-boxart/Sharique-52x72.jpg,509714,Sharique
"https://static-cdn.jtvnw.net/ttv-boxart/Dragon,%20Fly%21-52x72.jpg",509379,"Dragon, Fly!"
https://static-cdn.jtvnw.net/ttv-boxart/Frizzy-52x72.jpg,507281,Frizzy
https://static-cdn.jtvnw.net/ttv-boxart/DERE%20EVIL%20.EXE-52x72.jpg,508536,DERE EVIL .EXE
https://static-cdn.jtvnw.net/ttv-boxart/SCARF-52x72.jpg,509228,SCARF
https://static-cdn.jtvnw.net/ttv-boxart/Australo%20Piticus%20Mechanicus-52x72.jpg,508638,Australo Piticus Mechanicus
https://static-cdn.jtvnw.net/ttv-boxart/Tashiro%20Masashi%20no%20Princess%20ga%20Ippai-52x72.jpg,508216,Tashiro Masashi no Princess ga Ippai
https://static-cdn.jtvnw.net/ttv-boxart/Moley%20Christmas-52x72.jpg,506909,Moley Christmas
https://static-cdn.jtvnw.net/ttv-boxart/Cordy-52x72.jpg,509384,Cordy
https://static-cdn.jtvnw.net/ttv-boxart/WakuWaku%20Vegtable-52x72.jpg,509003,WakuWaku Vegtable
https://static-cdn.jtvnw.net/ttv-boxart/The%20StoryTale-52x72.jpg,508414,The StoryTale
https://static-cdn.jtvnw.net/ttv-boxart/Spencer-52x72.jpg,509916,Spencer
https://static-cdn.jtvnw.net/ttv-boxart/Fury%20Unleashed-52x72.jpg,510077,Fury Unleashed
https://static-cdn.jtvnw.net/ttv-boxart/./WilliU:%20The%20Big%20GetBack-52x72.jpg,509192,WilliU: The Big GetBack
https://static-cdn.jtvnw.net/ttv-boxart/./Asterix%20&%20Obelix%20XXL%203:%20The%20Crystal%20Menhir-52x72.jpg,508552,Asterix & Obelix XXL 3: The Crystal Menhir
https://static-cdn.jtvnw.net/ttv-boxart/./Utsurun%20Desu.:%20Kawauso%20Hawaii%20e%20Iku%21%21%21-52x72.jpg,507299,Utsurun Desu.: Kawauso Hawaii e Iku!!!
https://static-cdn.jtvnw.net/ttv-boxart/Rising%20Islands-52x72.jpg,508110,Rising Islands
https://static-cdn.jtvnw.net/ttv-boxart/JNKPlat%202018-52x72.jpg,510281,JNKPlat 2018
https://static-cdn.jtvnw.net/ttv-boxart/Darklord-52x72.jpg,509832,Darklord
https://static-cdn.jtvnw.net/ttv-boxart/Miner%202049er%20II-52x72.jpg,507055,Miner 2049er II
https://static-cdn.jtvnw.net/ttv-boxart/MouseBot-52x72.jpg,509351,MouseBot
https://static-cdn.jtvnw.net/ttv-boxart/Lumote-52x72.jpg,509098,Lumote
https://static-cdn.jtvnw.net/ttv-boxart/Strawberry%20Cubes-52x72.jpg,507003,Strawberry Cubes
https://static-cdn.jtvnw.net/ttv-boxart/./Aworg:%20Hero%20in%20the%20Sky-52x72.jpg,507642,Aworg: Hero in the Sky
https://static-cdn.jtvnw.net/ttv-boxart/Straima-52x72.jpg,506837,Straima
https://static-cdn.jtvnw.net/ttv-boxart/Space%20Barnacle-52x72.jpg,506139,Space Barnacle
https://static-cdn.jtvnw.net/ttv-boxart/Bird%20Song-52x72.jpg,508962,Bird Song
https://static-cdn.jtvnw.net/ttv-boxart/./Mad%20Wizard:%20A%20Candelabra%20Chronicle-52x72.jpg,506309,Mad Wizard: A Candelabra Chronicle
https://static-cdn.jtvnw.net/ttv-boxart/BOAA-52x72.jpg,508714,BOAA
https://static-cdn.jtvnw.net/ttv-boxart/Polar%20Pierre-52x72.jpg,506792,Polar Pierre
https://static-cdn.jtvnw.net/ttv-boxart/Triangle%20Legacy%20Revolution-52x72.jpg,509823,Triangle Legacy Revolution
https://static-cdn.jtvnw.net/ttv-boxart/Cat%20Bird-52x72.jpg,510231,Cat Bird
https://static-cdn.jtvnw.net/ttv-boxart/Hoppy%20Bobby-52x72.jpg,507605,Hoppy Bobby
https://static-cdn.jtvnw.net/ttv-boxart/Bounty%20Bob%20Strikes%20Back%21-52x72.jpg,5064,Bounty Bob Strikes Back!
https://static-cdn.jtvnw.net/ttv-boxart/./Ramone:%20Teh%20Gaem-52x72.jpg,506910,Ramone: Teh Gaem
https://static-cdn.jtvnw.net/ttv-boxart/Umihara%20Kawase%20Fresh%21-52x72.jpg,509523,Umihara Kawase Fresh!
https://static-cdn.jtvnw.net/ttv-boxart/NE_01-52x72.jpg,508972,NE_01
https://static-cdn.jtvnw.net/ttv-boxart/StickType-52x72.jpg,510319,StickType
https://static-cdn.jtvnw.net/ttv-boxart/Nova%20the%20Squirrel-52x72.jpg,506364,Nova the Squirrel
https://static-cdn.jtvnw.net/ttv-boxart/Visibility-52x72.jpg,509682,Visibility
https://static-cdn.jtvnw.net/ttv-boxart/Bloo%20Kid-52x72.jpg,507608,Bloo Kid
https://static-cdn.jtvnw.net/ttv-boxart/Cordy%202-52x72.jpg,509372,Cordy 2
https://static-cdn.jtvnw.net/ttv-boxart/Antichromatic-52x72.jpg,509824,Antichromatic
https://static-cdn.jtvnw.net/ttv-boxart/./The%20Smurfs:%20Epic%20Run-52x72.jpg,507669,The Smurfs: Epic Run
"https://static-cdn.jtvnw.net/ttv-boxart/Braindead,%20Your%20Majesty-52x72.jpg",506138,"Braindead, Your Majesty"
https://static-cdn.jtvnw.net/ttv-boxart/./UPIXO%20In%20Action:%20Mission%20in%20Snowdriftland-52x72.jpg,508130,UPIXO In Action: Mission in Snowdriftland
https://static-cdn.jtvnw.net/ttv-boxart/On%20A%20Roll%203D-52x72.jpg,507648,On A Roll 3D
https://static-cdn.jtvnw.net/ttv-boxart/vridniX-52x72.jpg,506159,vridniX
https://static-cdn.jtvnw.net/ttv-boxart/Aerox-52x72.jpg,507805,Aerox
https://static-cdn.jtvnw.net/ttv-boxart/Gravity%20Error-52x72.jpg,506787,Gravity Error
https://static-cdn.jtvnw.net/ttv-boxart/T-Rex%20Runner-52x72.jpg,508563,T-Rex Runner
https://static-cdn.jtvnw.net/ttv-boxart/Color%20Symphony-52x72.jpg,507006,Color Symphony
https://static-cdn.jtvnw.net/ttv-boxart/Escape%20Doodland-52x72.jpg,510201,Escape Doodland
https://static-cdn.jtvnw.net/ttv-boxart/Infinity%20Land-52x72.jpg,510103,Infinity Land
https://static-cdn.jtvnw.net/ttv-boxart/Pinobee%20&%20Phoebee-52x72.jpg,507668,Pinobee & Phoebee
https://static-cdn.jtvnw.net/ttv-boxart/Super%20Phantom%20Cat%202-52x72.jpg,508679,Super Phantom Cat 2
https://static-cdn.jtvnw.net/ttv-boxart/HardCube-52x72.jpg,507887,HardCube
https://static-cdn.jtvnw.net/ttv-boxart/Pringles-52x72.jpg,508485,Pringles
https://static-cdn.jtvnw.net/ttv-boxart/Arca%27s%20Path-52x72.jpg,506495,Arca's Path
https://static-cdn.jtvnw.net/ttv-boxart/Cookie%20Run-52x72.jpg,507703,Cookie Run
https://static-cdn.jtvnw.net/ttv-boxart/The%20Wizards%20Pet-52x72.jpg,506457,The Wizards Pet
https://static-cdn.jtvnw.net/ttv-boxart/Cohen%27s%20Tower-52x72.jpg,506750,Cohen's Tower
https://static-cdn.jtvnw.net/ttv-boxart/./Loot%20Monkey:%20Bling%20Palace-52x72.jpg,508998,Loot Monkey: Bling Palace
https://static-cdn.jtvnw.net/ttv-boxart/Kitchen%20Panic-52x72.jpg,508832,Kitchen Panic
https://static-cdn.jtvnw.net/ttv-boxart/Pop-Up%20Pilgrims-52x72.jpg,508408,Pop-Up Pilgrims
https://static-cdn.jtvnw.net/ttv-boxart/Creepy%20Road-52x72.jpg,506176,Creepy Road
https://static-cdn.jtvnw.net/ttv-boxart/Sparticles-52x72.jpg,509381,Sparticles
https://static-cdn.jtvnw.net/ttv-boxart/Huggernaut-52x72.jpg,509203,Huggernaut
https://static-cdn.jtvnw.net/ttv-boxart/Roving%20Rogue-52x72.jpg,506640,Roving Rogue
https://static-cdn.jtvnw.net/ttv-boxart/Hard%20Room-52x72.jpg,508082,Hard Room
https://static-cdn.jtvnw.net/ttv-boxart/Bouncy%20Bob-52x72.jpg,510128,Bouncy Bob
https://static-cdn.jtvnw.net/ttv-boxart/Operation%20Smash-52x72.jpg,507751,Operation Smash
https://static-cdn.jtvnw.net/ttv-boxart/Lair%20of%20the%20Morlocks-52x72.jpg,509713,Lair of the Morlocks
https://static-cdn.jtvnw.net/ttv-boxart/Super%20Skeleman-52x72.jpg,506534,Super Skeleman
https://static-cdn.jtvnw.net/ttv-boxart/16t-52x72.jpg,507641,16t
https://static-cdn.jtvnw.net/ttv-boxart/Elli-52x72.jpg,510209,Elli
https://static-cdn.jtvnw.net/ttv-boxart/Jumping%20Joe%20&%20Friends-52x72.jpg,506147,Jumping Joe & Friends
https://static-cdn.jtvnw.net/ttv-boxart/./PAW%20Patrol:%20On%20A%20Roll%21-52x72.jpg,506291,PAW Patrol: On A Roll!
https://static-cdn.jtvnw.net/ttv-boxart/prog.1-52x72.jpg,507654,prog.1
https://static-cdn.jtvnw.net/ttv-boxart/Kakapo-Go%21-52x72.jpg,509722,Kakapo-Go!
https://static-cdn.jtvnw.net/ttv-boxart/Hello%20Kitty%27s%20Flower%20Shop-52x72.jpg,509316,Hello Kitty's Flower Shop
https://static-cdn.jtvnw.net/ttv-boxart/TY%20the%20Tasmanian%20Tiger%204-52x72.jpg,509393,TY the Tasmanian Tiger 4
https://static-cdn.jtvnw.net/ttv-boxart/Hotel%20Transylvania%20Dash-52x72.jpg,506199,Hotel Transylvania Dash
https://static-cdn.jtvnw.net/ttv-boxart/Bongo-52x72.jpg,509527,Bongo
https://static-cdn.jtvnw.net/ttv-boxart/Eroico-52x72.jpg,509950,Eroico
https://static-cdn.jtvnw.net/ttv-boxart/./xkcd:%20Hoverboard-52x72.jpg,507134,xkcd: Hoverboard
https://static-cdn.jtvnw.net/ttv-boxart/Samurai%20Gunn%202-52x72.jpg,509819,Samurai Gunn 2
https://static-cdn.jtvnw.net/ttv-boxart/Attacking%20Zegeta-52x72.jpg,506545,Attacking Zegeta
https://static-cdn.jtvnw.net/ttv-boxart/Abomination%20Tower-52x72.jpg,507529,Abomination Tower
https://static-cdn.jtvnw.net/ttv-boxart/Skybolt%20Zack-52x72.jpg,508944,Skybolt Zack
https://static-cdn.jtvnw.net/ttv-boxart/Adventure%20Lamp-52x72.jpg,507925,Adventure Lamp
https://static-cdn.jtvnw.net/ttv-boxart/Kentucky%20Robo%20Chicken-52x72.jpg,509720,Kentucky Robo Chicken
https://static-cdn.jtvnw.net/ttv-boxart/Clive%20%27N%27%20Wrench-52x72.jpg,507512,Clive 'N' Wrench
https://static-cdn.jtvnw.net/ttv-boxart/./Macrotis:%20A%20Mother%27s%20Journey-52x72.jpg,506334,Macrotis: A Mother's Journey
https://static-cdn.jtvnw.net/ttv-boxart/Planet%20Alpha-52x72.jpg,506101,Planet Alpha
https://static-cdn.jtvnw.net/ttv-boxart/Luckslinger-52x72.jpg,506756,Luckslinger
https://static-cdn.jtvnw.net/ttv-boxart/Fitz%20the%20Fox-52x72.jpg,506772,Fitz the Fox
https://static-cdn.jtvnw.net/ttv-boxart/Mimpi%20Dreams-52x72.jpg,506508,Mimpi Dreams
https://static-cdn.jtvnw.net/ttv-boxart/Caffeine-52x72.jpg,507288,Caffeine
https://static-cdn.jtvnw.net/ttv-boxart/The%20Liar%20Princess%20and%20the%20Blind%20Prince-52x72.jpg,504147,The Liar Princess and the Blind Prince
https://static-cdn.jtvnw.net/ttv-boxart/Exit%20Path-52x72.jpg,503985,Exit Path
https://static-cdn.jtvnw.net/ttv-boxart/The%20Last%20Vampire-52x72.jpg,501988,The Last Vampire
https://static-cdn.jtvnw.net/ttv-boxart/./FX-Unit%20Yuki:%20The%20Henshin%20Engine-52x72.jpg,505819,FX-Unit Yuki: The Henshin Engine
https://static-cdn.jtvnw.net/ttv-boxart/Sydney%20Hunter%20and%20the%20Curse%20of%20the%20Mayan-52x72.jpg,504080,Sydney Hunter and the Curse of the Mayan
https://static-cdn.jtvnw.net/ttv-boxart/Beer%20Ranger-52x72.jpg,504118,Beer Ranger
https://static-cdn.jtvnw.net/ttv-boxart/Super%20Skull%20Smash%20GO%21%202%20Turbo-52x72.jpg,504574,Super Skull Smash GO! 2 Turbo
https://static-cdn.jtvnw.net/ttv-boxart/Croc%27s%20World%20Construction%20Kit%20%28Level%20Maker%29-52x72.jpg,505527,Croc's World Construction Kit (Level Maker)
https://static-cdn.jtvnw.net/ttv-boxart/./Jade%20Konoichi:%20Butterfly%20Legend-52x72.jpg,505471,Jade Konoichi: Butterfly Legend
https://static-cdn.jtvnw.net/ttv-boxart/Deep%20Ones-52x72.jpg,505044,Deep Ones
https://static-cdn.jtvnw.net/ttv-boxart/I%20Wanna%20Be%20the%20Co-op-52x72.jpg,506088,I Wanna Be the Co-op
https://static-cdn.jtvnw.net/ttv-boxart/./Olli%20&%20Lissa%20II:%20Halloween-52x72.jpg,501907,Olli & Lissa II: Halloween
https://static-cdn.jtvnw.net/ttv-boxart/./The%20Land%20Before%20Time:%20Big%20Water%20Adventure-52x72.jpg,503798,The Land Before Time: Big Water Adventure
https://static-cdn.jtvnw.net/ttv-boxart/Rifter-52x72.jpg,504938,Rifter
https://static-cdn.jtvnw.net/ttv-boxart/The%20True%20Slime%20King-52x72.jpg,504457,The True Slime King
https://static-cdn.jtvnw.net/ttv-boxart/Newt%20One-52x72.jpg,504218,Newt One
https://static-cdn.jtvnw.net/ttv-boxart/Membrane-52x72.jpg,504000,Membrane
https://static-cdn.jtvnw.net/ttv-boxart/Pop%20&%20Chips-52x72.jpg,501739,Pop & Chips
https://static-cdn.jtvnw.net/ttv-boxart/Switch%20-%20Or%20Die%20Trying-52x72.jpg,504647,Switch - Or Die Trying
https://static-cdn.jtvnw.net/ttv-boxart/./Count%20Duckula%202:%20Featuring%20Tremendous%20Terence-52x72.jpg,503940,Count Duckula 2: Featuring Tremendous Terence
https://static-cdn.jtvnw.net/ttv-boxart/Caverns%20of%20Venus%202-52x72.jpg,504055,Caverns of Venus 2
https://static-cdn.jtvnw.net/ttv-boxart/Wall%20Ninja-52x72.jpg,505515540,Wall Ninja
https://static-cdn.jtvnw.net/ttv-boxart/Zany%20Kong-52x72.jpg,503933,Zany Kong
https://static-cdn.jtvnw.net/ttv-boxart/Tony%20&%20Friends%20in%20Kellogg%27s%20Land-52x72.jpg,503738,Tony & Friends in Kellogg's Land
https://static-cdn.jtvnw.net/ttv-boxart/Oddmar-52x72.jpg,506036,Oddmar
https://static-cdn.jtvnw.net/ttv-boxart/Ted%20Remixed-52x72.jpg,504053,Ted Remixed
https://static-cdn.jtvnw.net/ttv-boxart/Comit%20the%20Astrodian%203-52x72.jpg,501899,Comit the Astrodian 3
https://static-cdn.jtvnw.net/ttv-boxart/Mega-Bug-52x72.jpg,505154,Mega-Bug
https://static-cdn.jtvnw.net/ttv-boxart/./Spelunker%20II:%2023%20no%20Kagi-52x72.jpg,503057,Spelunker II: 23 no Kagi
https://static-cdn.jtvnw.net/ttv-boxart/Hellbreaker-52x72.jpg,503890,Hellbreaker
https://static-cdn.jtvnw.net/ttv-boxart/Sally%27s%20Law-52x72.jpg,505389,Sally's Law
https://static-cdn.jtvnw.net/ttv-boxart/I%20Want%20My%20Mommy-52x72.jpg,505108,I Want My Mommy
https://static-cdn.jtvnw.net/ttv-boxart/Christmas%20Santa%20Troubles-52x72.jpg,501828,Christmas Santa Troubles
https://static-cdn.jtvnw.net/ttv-boxart/Uprooted%20-%20a%20carrot%20simulator%21-52x72.jpg,504775,Uprooted - a carrot simulator!
https://static-cdn.jtvnw.net/ttv-boxart/Octahedron-52x72.jpg,504231,Octahedron
https://static-cdn.jtvnw.net/ttv-boxart/Bullet%20Age-52x72.jpg,504482,Bullet Age
https://static-cdn.jtvnw.net/ttv-boxart/Superola%20and%20the%20Lost%20Burgers-52x72.jpg,504001,Superola and the Lost Burgers
https://static-cdn.jtvnw.net/ttv-boxart/Heads%20Run-52x72.jpg,502554,Heads Run
https://static-cdn.jtvnw.net/ttv-boxart/Stuntman%20Seymour-52x72.jpg,505948,Stuntman Seymour
https://static-cdn.jtvnw.net/ttv-boxart/Jolt%20Family%20Robot%20Racer-52x72.jpg,502821,Jolt Family Robot Racer
https://static-cdn.jtvnw.net/ttv-boxart/Paddington%20Run-52x72.jpg,501786,Paddington Run
https://static-cdn.jtvnw.net/ttv-boxart/Croc%27s%20World%203-52x72.jpg,505528,Croc's World 3
https://static-cdn.jtvnw.net/ttv-boxart/Big%20Nose%27s%20American%20Adventure-52x72.jpg,505949,Big Nose's American Adventure
https://static-cdn.jtvnw.net/ttv-boxart/Flappy%20Golf%202-52x72.jpg,505683,Flappy Golf 2
https://static-cdn.jtvnw.net/ttv-boxart/Alter%20Army-52x72.jpg,501625,Alter Army
https://static-cdn.jtvnw.net/ttv-boxart/Eye%20Must%20Jump-52x72.jpg,505746,Eye Must Jump
https://static-cdn.jtvnw.net/ttv-boxart/Corgi%20Warlock-52x72.jpg,502219,Corgi Warlock
https://static-cdn.jtvnw.net/ttv-boxart/Inside%20Kitty%27s%20Outside%20Adventure-52x72.jpg,505186,Inside Kitty's Outside Adventure
https://static-cdn.jtvnw.net/ttv-boxart/Logan%27s%20Treasure-52x72.jpg,504054,Logan's Treasure
https://static-cdn.jtvnw.net/ttv-boxart/Ghana%20Bwana-52x72.jpg,505137,Ghana Bwana
https://static-cdn.jtvnw.net/ttv-boxart/Indie%20Pogo-52x72.jpg,505013,Indie Pogo
https://static-cdn.jtvnw.net/ttv-boxart/Orphan-52x72.jpg,501909,Orphan
https://static-cdn.jtvnw.net/ttv-boxart/Pablo%27s%20Fruit-52x72.jpg,504051,Pablo's Fruit
https://static-cdn.jtvnw.net/ttv-boxart/The%20Legend%20of%20the%20Artifact%20Remastered-52x72.jpg,502297,The Legend of the Artifact Remastered
https://static-cdn.jtvnw.net/ttv-boxart/Platform%20Racing%202-52x72.jpg,504370,Platform Racing 2
https://static-cdn.jtvnw.net/ttv-boxart/Ninja%20Battle%20Heroes-52x72.jpg,505855,Ninja Battle Heroes
https://static-cdn.jtvnw.net/ttv-boxart/./Doraemon:%20Nobita%20no%20Time%20Machine%20Daibouken-52x72.jpg,503795,Doraemon: Nobita no Time Machine Daibouken
https://static-cdn.jtvnw.net/ttv-boxart/Tork%20and%20Kral-52x72.jpg,504239,Tork and Kral
https://static-cdn.jtvnw.net/ttv-boxart/Jumpy%20Truck-52x72.jpg,503447,Jumpy Truck
https://static-cdn.jtvnw.net/ttv-boxart/Killer%20Gorilla-52x72.jpg,503938,Killer Gorilla
https://static-cdn.jtvnw.net/ttv-boxart/Catmaze-52x72.jpg,505888,Catmaze
https://static-cdn.jtvnw.net/ttv-boxart/Turtle%20Tale-52x72.jpg,504830,Turtle Tale
https://static-cdn.jtvnw.net/ttv-boxart/Nick%20Neaker-52x72.jpg,504658,Nick Neaker
https://static-cdn.jtvnw.net/ttv-boxart/Funk%20Unplugged-52x72.jpg,501680,Funk Unplugged
https://static-cdn.jtvnw.net/ttv-boxart/Frankystein-52x72.jpg,505193,Frankystein
https://static-cdn.jtvnw.net/ttv-boxart/Croc%27s%20World%202-52x72.jpg,505529,Croc's World 2
https://static-cdn.jtvnw.net/ttv-boxart/./Spirou:%20The%20Robot%20Invasion-52x72.jpg,505157,Spirou: The Robot Invasion
https://static-cdn.jtvnw.net/ttv-boxart/Croc%27s%20World-52x72.jpg,505530,Croc's World
https://static-cdn.jtvnw.net/ttv-boxart/./Sega%20Ages:%20I%20Love%20Mickey%20Mouse:%20Fushigi%20no%20Oshiro%20Daibouken/I%20Love%20Donald%20Duck:%20Guruzia%20Ou%20no%20Hihou-52x72.jpg,503722,Sega Ages: I Love Mickey Mouse: Fushigi no Oshiro Daibouken/I Love Donald Duck: Guruzia Ou no Hihou
https://static-cdn.jtvnw.net/ttv-boxart/Inked-52x72.jpg,505800,Inked
https://static-cdn.jtvnw.net/ttv-boxart/Venture%20Kid-52x72.jpg,505874,Venture Kid
https://static-cdn.jtvnw.net/ttv-boxart/KARTOFELKA-52x72.jpg,502049,KARTOFELKA
https://static-cdn.jtvnw.net/ttv-boxart/Oumori%20Charisou%20DX-52x72.jpg,503760,Oumori Charisou DX
https://static-cdn.jtvnw.net/ttv-boxart/Dick%20Tracy-52x72.jpg,5060,Dick Tracy
https://static-cdn.jtvnw.net/ttv-boxart/FISK-52x72.jpg,501966,FISK
https://static-cdn.jtvnw.net/ttv-boxart/Super%20Saurio%20Fly-52x72.jpg,504965,Super Saurio Fly
https://static-cdn.jtvnw.net/ttv-boxart/Only%20On-52x72.jpg,502462,Only On
https://static-cdn.jtvnw.net/ttv-boxart/TrapAdventure%202-52x72.jpg,503207,TrapAdventure 2
https://static-cdn.jtvnw.net/ttv-boxart/The%20Evil%20Party-52x72.jpg,502261,The Evil Party
https://static-cdn.jtvnw.net/ttv-boxart/./Caos%20Trigger:%20Golem-52x72.jpg,504636,Caos Trigger: Golem
https://static-cdn.jtvnw.net/ttv-boxart/Adiboo%20&%20Paziral%27s%20Secret-52x72.jpg,503922,Adiboo & Paziral's Secret
https://static-cdn.jtvnw.net/ttv-boxart/Zany%20Kong%20Junior-52x72.jpg,503934,Zany Kong Junior
https://static-cdn.jtvnw.net/ttv-boxart/Flat%20Pack-52x72.jpg,501820,Flat Pack
https://static-cdn.jtvnw.net/ttv-boxart/Cartoon%20Hero-52x72.jpg,501860,Cartoon Hero
https://static-cdn.jtvnw.net/ttv-boxart/Magic%20Kid%20Goo%20Goo-52x72.jpg,503373,Magic Kid Goo Goo
https://static-cdn.jtvnw.net/ttv-boxart/Little%20Einar-52x72.jpg,501720,Little Einar
https://static-cdn.jtvnw.net/ttv-boxart/Super%20One%20More%20Jump-52x72.jpg,503132,Super One More Jump
https://static-cdn.jtvnw.net/ttv-boxart/Naoki%20Tales-52x72.jpg,504052,Naoki Tales
https://static-cdn.jtvnw.net/ttv-boxart/./The%20Fairly%20OddParents:%20Enter%20the%20Cleft-52x72.jpg,503819,The Fairly OddParents: Enter the Cleft
https://static-cdn.jtvnw.net/ttv-boxart/Trap%20of%20the%20Alchemy-52x72.jpg,503177,Trap of the Alchemy
https://static-cdn.jtvnw.net/ttv-boxart/Mr.%20Rescue-52x72.jpg,506043,Mr. Rescue
https://static-cdn.jtvnw.net/ttv-boxart/Madcap%20Castle-52x72.jpg,504079,Madcap Castle
https://static-cdn.jtvnw.net/ttv-boxart/Platform%20Parkour-52x72.jpg,501706,Platform Parkour
https://static-cdn.jtvnw.net/ttv-boxart/Tawara-52x72.jpg,504649,Tawara
https://static-cdn.jtvnw.net/ttv-boxart/Ponpoko-52x72.jpg,501926,Ponpoko
https://static-cdn.jtvnw.net/ttv-boxart/Dispersio-52x72.jpg,503244,Dispersio
https://static-cdn.jtvnw.net/ttv-boxart/./Strawberry%20Shortcake:%20The%20Sweet%20Dreams%20Game-52x72.jpg,502032,Strawberry Shortcake: The Sweet Dreams Game
https://static-cdn.jtvnw.net/ttv-boxart/Secret%20Agent-52x72.jpg,5055,Secret Agent
https://static-cdn.jtvnw.net/ttv-boxart/Xenogunner-52x72.jpg,502831,Xenogunner
https://static-cdn.jtvnw.net/ttv-boxart/Bounce-52x72.jpg,505748,Bounce
https://static-cdn.jtvnw.net/ttv-boxart/Vigilance%20on%20Talos%20V-52x72.jpg,498808,Vigilance on Talos V
https://static-cdn.jtvnw.net/ttv-boxart/Tales%20of%20the%20Arabian%20Nights-52x72.jpg,500208,Tales of the Arabian Nights
https://static-cdn.jtvnw.net/ttv-boxart/Eggggg%20-%20The%20platform%20puker-52x72.jpg,499063,Eggggg - The platform puker
https://static-cdn.jtvnw.net/ttv-boxart/./Shin%20Megami%20Tensei:%20Synchronicity%20Prologue-52x72.jpg,499690,Shin Megami Tensei: Synchronicity Prologue
https://static-cdn.jtvnw.net/ttv-boxart/Dot%20Big%20Bang-52x72.jpg,499578,Dot Big Bang
https://static-cdn.jtvnw.net/ttv-boxart/J.%20J.%20Squawkers-52x72.jpg,498862,J. J. Squawkers
https://static-cdn.jtvnw.net/ttv-boxart/Glass%20Wing-52x72.jpg,498980,Glass Wing
https://static-cdn.jtvnw.net/ttv-boxart/LavaCat%20Jump-52x72.jpg,499944,LavaCat Jump
https://static-cdn.jtvnw.net/ttv-boxart/Super%20Skelemania-52x72.jpg,500124,Super Skelemania
https://static-cdn.jtvnw.net/ttv-boxart/Marisa%20and%20Alice-52x72.jpg,500766,Marisa and Alice
https://static-cdn.jtvnw.net/ttv-boxart/./Distorted%20Travesty%202:%20The%20Sequel%20to%20the%20Prequel-52x72.jpg,498049,Distorted Travesty 2: The Sequel to the Prequel
https://static-cdn.jtvnw.net/ttv-boxart/Animal%20Super%20Squad-52x72.jpg,499908,Animal Super Squad
https://static-cdn.jtvnw.net/ttv-boxart/ORBB-52x72.jpg,499211,ORBB
https://static-cdn.jtvnw.net/ttv-boxart/Cat%20Ninja-52x72.jpg,499362,Cat Ninja
https://static-cdn.jtvnw.net/ttv-boxart/Retro%20Ninja%20Runner-52x72.jpg,499552,Retro Ninja Runner
https://static-cdn.jtvnw.net/ttv-boxart/Jack%20&%20the%20Creepy%20Castle-52x72.jpg,499226,Jack & the Creepy Castle
https://static-cdn.jtvnw.net/ttv-boxart/Silver%20Grapple-52x72.jpg,498678,Silver Grapple
https://static-cdn.jtvnw.net/ttv-boxart/Chicken%20Wiggle-52x72.jpg,498196,Chicken Wiggle
https://static-cdn.jtvnw.net/ttv-boxart/LavaCat%20Fly-52x72.jpg,499943,LavaCat Fly
https://static-cdn.jtvnw.net/ttv-boxart/Aya%27s%20Journey-52x72.jpg,501440,Aya's Journey
https://static-cdn.jtvnw.net/ttv-boxart/SkullPirates-52x72.jpg,500562,SkullPirates
https://static-cdn.jtvnw.net/ttv-boxart/./Joe%20&%20Mac:%20Ultimate%20Caveman%20Collection-52x72.jpg,500158,Joe & Mac: Ultimate Caveman Collection
https://static-cdn.jtvnw.net/ttv-boxart/./Armorik%20the%20Viking:%20The%20Eight%20Conquests-52x72.jpg,498905,Armorik the Viking: The Eight Conquests
https://static-cdn.jtvnw.net/ttv-boxart/Bounsweet%27s%20Bouncy%20Adventure-52x72.jpg,499615,Bounsweet's Bouncy Adventure
https://static-cdn.jtvnw.net/ttv-boxart/Joe%20Gunn-52x72.jpg,500122,Joe Gunn
https://static-cdn.jtvnw.net/ttv-boxart/Flat%20Heroes-52x72.jpg,498170,Flat Heroes
https://static-cdn.jtvnw.net/ttv-boxart/./Bugs%20Bunny%20&%20Taz:%20Time%20Busters-52x72.jpg,4986,Bugs Bunny & Taz: Time Busters
https://static-cdn.jtvnw.net/ttv-boxart/Glo-52x72.jpg,499888,Glo
https://static-cdn.jtvnw.net/ttv-boxart/Jump%21%20Jump%21%20Jump%21-52x72.jpg,501595,Jump! Jump! Jump!
https://static-cdn.jtvnw.net/ttv-boxart/The%20Adventures%20of%20Elena%20Temple-52x72.jpg,500700,The Adventures of Elena Temple
https://static-cdn.jtvnw.net/ttv-boxart/K.O.L.M.-52x72.jpg,499263,K.O.L.M.
https://static-cdn.jtvnw.net/ttv-boxart/./Nikita:%20The%20Mystery%20of%20the%20Hidden%20Treasure-52x72.jpg,499839,Nikita: The Mystery of the Hidden Treasure
https://static-cdn.jtvnw.net/ttv-boxart/Caveman%20Warriors-52x72.jpg,499639,Caveman Warriors
https://static-cdn.jtvnw.net/ttv-boxart/John%20Dungeon-52x72.jpg,501551,John Dungeon
https://static-cdn.jtvnw.net/ttv-boxart/Break%20The%20Targets-52x72.jpg,499755,Break The Targets
https://static-cdn.jtvnw.net/ttv-boxart/Kid%20Tripp-52x72.jpg,500157,Kid Tripp
https://static-cdn.jtvnw.net/ttv-boxart/Yoku%27s%20Island%20Express-52x72.jpg,498644,Yoku's Island Express
https://static-cdn.jtvnw.net/ttv-boxart/windowframe-52x72.jpg,498750,windowframe
https://static-cdn.jtvnw.net/ttv-boxart/The%20King%27s%20Bird-52x72.jpg,498338,The King's Bird
https://static-cdn.jtvnw.net/ttv-boxart/LavaCat%20Run-52x72.jpg,499942,LavaCat Run
https://static-cdn.jtvnw.net/ttv-boxart/Clockwork-52x72.jpg,499069,Clockwork
https://static-cdn.jtvnw.net/ttv-boxart/Hot%20Lava-52x72.jpg,498346,Hot Lava
https://static-cdn.jtvnw.net/ttv-boxart/./Gu%C3%A0n%20L%C3%A1n%20J%C4%ABng%C4%81ng:%20King%20Kong%2010-52x72.jpg,500009,Guàn Lán Jīngāng: King Kong 10
https://static-cdn.jtvnw.net/ttv-boxart/Mecho%20Tales-52x72.jpg,500623,Mecho Tales
https://static-cdn.jtvnw.net/ttv-boxart/The%20Narrator%20is%20a%20DICK-52x72.jpg,499946,The Narrator is a DICK
https://static-cdn.jtvnw.net/ttv-boxart/./Eba%20&%20Egg:%20A%20Hatch%20Trip-52x72.jpg,497995,Eba & Egg: A Hatch Trip
https://static-cdn.jtvnw.net/ttv-boxart/The%20Nothing-52x72.jpg,498355,The Nothing
https://static-cdn.jtvnw.net/ttv-boxart/Manufactured%20Beauty-52x72.jpg,500564,Manufactured Beauty
https://static-cdn.jtvnw.net/ttv-boxart/Robbie%20Swifthand%20and%20the%20Orb%20of%20Mysteries-52x72.jpg,500579,Robbie Swifthand and the Orb of Mysteries
https://static-cdn.jtvnw.net/ttv-boxart/V%20for%20Vampire-52x72.jpg,499126,V for Vampire
https://static-cdn.jtvnw.net/ttv-boxart/Caterzillar-52x72.jpg,501171,Caterzillar
https://static-cdn.jtvnw.net/ttv-boxart/Crayon%20Shin-Chan%20Gekiatsu%21%20Oden%20wa%20Rudo%20Dai%20Konran%21%21-52x72.jpg,499010,Crayon Shin-Chan Gekiatsu! Oden wa Rudo Dai Konran!!
https://static-cdn.jtvnw.net/ttv-boxart/A%20Robot%20Named%20Fight-52x72.jpg,497979,A Robot Named Fight
https://static-cdn.jtvnw.net/ttv-boxart/Knight%20Terrors-52x72.jpg,499628,Knight Terrors
https://static-cdn.jtvnw.net/ttv-boxart/Epic%20Loon-52x72.jpg,499984,Epic Loon
https://static-cdn.jtvnw.net/ttv-boxart/Mamono%20Hunter%20Yohko-52x72.jpg,498716,Mamono Hunter Yohko
https://static-cdn.jtvnw.net/ttv-boxart/Psychonauts%202-52x72.jpg,499111,Psychonauts 2
https://static-cdn.jtvnw.net/ttv-boxart/Togedemaru%27s%20Hop%20to%20the%20Top-52x72.jpg,499553,Togedemaru's Hop to the Top
https://static-cdn.jtvnw.net/ttv-boxart/DragoDino-52x72.jpg,499976,DragoDino
https://static-cdn.jtvnw.net/ttv-boxart/LavaCat-52x72.jpg,499945,LavaCat
https://static-cdn.jtvnw.net/ttv-boxart/Sonic%20Runners%20Adventure-52x72.jpg,500601,Sonic Runners Adventure
https://static-cdn.jtvnw.net/ttv-boxart/A%20Game%20With%20a%20Kitty-52x72.jpg,499511,A Game With a Kitty
https://static-cdn.jtvnw.net/ttv-boxart/Rotatorix-52x72.jpg,499669,Rotatorix
https://static-cdn.jtvnw.net/ttv-boxart/Daydreamer-52x72.jpg,499824,Daydreamer
https://static-cdn.jtvnw.net/ttv-boxart/Puzzle%20Box-52x72.jpg,500600,Puzzle Box
https://static-cdn.jtvnw.net/ttv-boxart/Super%20Fancy%20Pants%20Adventure-52x72.jpg,499424,Super Fancy Pants Adventure
https://static-cdn.jtvnw.net/ttv-boxart/Inertia-52x72.jpg,498002,Inertia
https://static-cdn.jtvnw.net/ttv-boxart/Jumpman%20Forever-52x72.jpg,499695,Jumpman Forever
https://static-cdn.jtvnw.net/ttv-boxart/Sigi%20-%20A%20Fart%20for%20Melusina-52x72.jpg,501569,Sigi - A Fart for Melusina
https://static-cdn.jtvnw.net/ttv-boxart/Fur%20Up-52x72.jpg,498958,Fur Up
https://static-cdn.jtvnw.net/ttv-boxart/Hero%20Kid-52x72.jpg,498782,Hero Kid
https://static-cdn.jtvnw.net/ttv-boxart/AGARTHA-52x72.jpg,500861,AGARTHA
https://static-cdn.jtvnw.net/ttv-boxart/White-52x72.jpg,498014,White
https://static-cdn.jtvnw.net/ttv-boxart/Super%20Hyperactive%20Ninja-52x72.jpg,500256,Super Hyperactive Ninja
https://static-cdn.jtvnw.net/ttv-boxart/Dreambreak-52x72.jpg,498492,Dreambreak
https://static-cdn.jtvnw.net/ttv-boxart/%23Modarchive%20Story-52x72.jpg,500590,#Modarchive Story
https://static-cdn.jtvnw.net/ttv-boxart/Boomy%20the%20Cat-52x72.jpg,498180,Boomy the Cat
https://static-cdn.jtvnw.net/ttv-boxart/Momodora%20II-52x72.jpg,498528,Momodora II
https://static-cdn.jtvnw.net/ttv-boxart/Impulsion-52x72.jpg,501095,Impulsion
https://static-cdn.jtvnw.net/ttv-boxart/Koko%20Adventure-52x72.jpg,498144,Koko Adventure
https://static-cdn.jtvnw.net/ttv-boxart/Sprint%20Vector-52x72.jpg,499246,Sprint Vector
https://static-cdn.jtvnw.net/ttv-boxart/Jump%20Gunners-52x72.jpg,499971,Jump Gunners
https://static-cdn.jtvnw.net/ttv-boxart/GyroSphere%20Trials-52x72.jpg,498991,GyroSphere Trials
https://static-cdn.jtvnw.net/ttv-boxart/Dark%20Mystery-52x72.jpg,498389,Dark Mystery
https://static-cdn.jtvnw.net/ttv-boxart/Zeran%27s%20Folly-52x72.jpg,499077,Zeran's Folly
https://static-cdn.jtvnw.net/ttv-boxart/Nightmare%20of%20Santa%20Claus-52x72.jpg,498125,Nightmare of Santa Claus
https://static-cdn.jtvnw.net/ttv-boxart/Will%20Willis%20and%20the%20Temple%20of%20Hacha%27Kyum-52x72.jpg,498569,Will Willis and the Temple of Hacha'Kyum
https://static-cdn.jtvnw.net/ttv-boxart/Chou-Kousoku%20Grandoll-52x72.jpg,499257,Chou-Kousoku Grandoll
https://static-cdn.jtvnw.net/ttv-boxart/Mike%20Dies-52x72.jpg,499020,Mike Dies
https://static-cdn.jtvnw.net/ttv-boxart/./The%20Crown%20Stones:%20Mirrah-52x72.jpg,499769,The Crown Stones: Mirrah
https://static-cdn.jtvnw.net/ttv-boxart/The%20very%20long%20walk-52x72.jpg,500463,The very long walk
https://static-cdn.jtvnw.net/ttv-boxart/The%20Purring%20Quest-52x72.jpg,500591,The Purring Quest
https://static-cdn.jtvnw.net/ttv-boxart/Poipoil%27s%20Adventure-52x72.jpg,500939,Poipoil's Adventure
https://static-cdn.jtvnw.net/ttv-boxart/Thy%20Sword-52x72.jpg,500186,Thy Sword
https://static-cdn.jtvnw.net/ttv-boxart/Infinitroid-52x72.jpg,498714,Infinitroid
https://static-cdn.jtvnw.net/ttv-boxart/Rest%20in%20Jelly-52x72.jpg,498811,Rest in Jelly
https://static-cdn.jtvnw.net/ttv-boxart/Mini%20Ghost-52x72.jpg,499548,Mini Ghost
https://static-cdn.jtvnw.net/ttv-boxart/./LOVE%202:%20kuso-52x72.jpg,499999,LOVE 2: kuso
https://static-cdn.jtvnw.net/ttv-boxart/Etherborn-52x72.jpg,499881,Etherborn
https://static-cdn.jtvnw.net/ttv-boxart/The%20God%20Paradox-52x72.jpg,499021,The God Paradox
